"country","colony","confidence","decentralization","dem_other","dem_other5","democ_regime","district_size3","durable","effectiveness","enpp_3","eu","fhrate04_rev","fhrate08_rev","frac_eth","frac_eth3","free_business","free_corrupt","free_finance","free_fiscal","free_govspend","free_invest","free_labor","free_monetary","free_overall","free_property","free_trade","gdp08","gdp_10_thou","gdp_cap2","gdp_cap3","gdppcap08","gender_equal3","gini04","gini08","hi_gdp","indy","oecd","old2006","old2003","pmat12_3","pop03","pop08","pop08_3","popcat3","pr_sys","protact3","regime_type3","region","sources","typerel","unions","urban03","urban06","vi_rel3","votevap00s","women05","women09","womyear","womyear2","yng2003","young06"
"Afghanistan","UK",NA,NA,10.5,"10%","No","single member",4,13.711584,"","Not member","2.5",3,0.76929998,"High",NA,NA,NA,NA,NA,NA,NA,NA,NA,NA,NA,30.6,NA,"","",NA,"",NA,NA,"",1919,"Not member",NA,NA,"",NA,27.4,">=16.8 mil","Moderate (1-29m)","No","","Dictatorship","Middle East",NA,"Muslim",NA,NA,23.28,"",NA,NA,27.7,NA,"",NA,NA
"Albania","Soviet Union",49.335926,0.74,63,"Approx 60%","Yes","",3,35.460993,"1-3 parties","Not member","5",8,0.22040001,"Low",68,34,70,92.6,74.2,70,52.1,78.7,66,35,85.8,24.3,0.1535,"Low","Middle",7715,"",28.2,31.1,"Low GDP",1991,"Not member",8.4798209,7.278363,"Low post-mat",3169064,3.1,"<=4.3 mil","Moderate (1-29m)","No","Moderate","Parliamentary democ","C&E Europe",NA,"Muslim",NA,44.239,46.14,"20-50%",59.56,6.4,16.4,1920,"1944 or before",27.34834,26.354282
"Algeria","France",52.055735,NA,40.8,"Approx 40%","No","6 or more members",5,32.624114,"","Not member","2.5",3,0.33939999,"Medium",71.2,32,30,83.5,73.4,45,56.4,77.2,56.9,30,70.7,276,0.1785,"Low","Middle",8033,"",35.3,35.3,"Low GDP",1962,"Not member",4.5781361,4.045199,"",31832610,34.4,">=16.8 mil","Moderate (1-29m)","Yes","","Dictatorship","Africa",NA,"Muslim",NA,58.8302,63.94,">50%",NA,NA,7.7,1962,"After 1944",33.91887,28.941536
"Andorra","Spain",NA,NA,100,"100%","Yes","",NA,78.723405,"","Not member","Most free",12,0.71390003,"High",NA,NA,NA,NA,NA,NA,NA,NA,NA,NA,NA,NA,NA,"","",NA,"",NA,NA,"",1278,"Not member",NA,NA,"",66000,NA,"","Small (under 1m)","No","","Parliamentary democ","W. Europe",NA,"Roman Catholic",NA,91.7404,90.28,"",20.95,14.3,35.7,1973,"After 1944",NA,NA
"Angola","Portugal",NA,NA,40.8,"Approx 40%","No","",3,19.148937,"","Not member","2.5",3,0.78670001,"High",43.4,19,40,85.1,62.8,35,45.2,62.6,48.4,20,70.4,106.3,0.0857,"Low","Middle",5899,"",NA,NA,"Low GDP",1975,"Not member",2.4502945,2.930542,"",13522110,18,">=16.8 mil","Moderate (1-29m)","Yes","","Dictatorship","Africa",NA,"Roman Catholic",NA,36.1806,53.96,"",NA,NA,37.3,1975,"After 1944",47.62524,46.321958
"Antigua & Barbuda","UK",NA,NA,87.5,"Approx 90%","Yes","single member",NA,59.810875,"1-3 parties","Not member","6",10,0.16429999,"Low",NA,NA,NA,NA,NA,NA,NA,NA,NA,NA,NA,NA,1.0449,"High","High",NA,"",NA,NA,"High GDP",1981,"Not member",NA,8.18661,"",78580,NA,"","Small (under 1m)","No","","Parliamentary democ","S. America",NA,"Protestant",NA,37.7566,39.6,"",76.34,10.5,10.5,1951,"After 1944",20.66509,NA
"Argentina","Spain",7.2993254,2.4,87.5,"Approx 90%","Yes","6 or more members",17,34.988179,"1-3 parties","Not member","6",10,0.255,"Low",62.1,29,30,69.5,75.6,45,50.1,61.2,51.2,20,69.5,571.5,0.2797,"High","Middle",14333,"High",52.2,51.3,"High GDP",1816,"Not member",10.25523,9.793625,"High post-mat",36771840,39.9,">=16.8 mil","Large (30m+)","Yes","Moderate","Presidential democ","S. America",NA,"Roman Catholic",25.4,88.6312,90.26,"20-50%",70.88,33.7,41.6,1947,"After 1944",27.02631,26.117978
"Armenia","Soviet Union",27.132735,NA,63,"Approx 60%","Yes","",2,36.643026,"6-11 parties","Not member","3.5",4,0.12720001,"Low",83.4,29,70,89.3,90.9,75,70.6,72.9,69.2,30,80.5,18.7,0.0771,"Low","Low",6070,"",37.9,33.8,"Low GDP",1991,"Not member",12.100534,10.1563,"Low post-mat",3055630,3.1,"<=4.3 mil","Moderate (1-29m)","No","High","","C&E Europe",NA,"Orthodox",NA,67.4652,64.02,"20-50%",NA,5.3,8.4,1921,"1944 or before",20.52383,19.953874
"Australia","UK",46.838886,1.74,58.3,"Approx 60%","Yes","single member",99,90.070923,"1-3 parties","Not member","Most free",12,0.0929,"Low",90.3,87,90,61.4,64.9,80,94.9,82.7,82.6,90,85.1,762.6,2.0822,"High","High",35677,"High",35.2,35.2,"High GDP",1901,"OECD Member state",12.844436,12.49083,"High post-mat",19881000,21,">=16.8 mil","Moderate (1-29m)","No","High","Parliamentary democ","Asia-Pacific",NA,"Protestant",28.6,91.8942,88.38,"20-50%",82.74,24.7,26.7,1902,"1944 or before",19.97719,19.314903
"Austria","Other",49.68019,1.81,100,"100%","Yes","6 or more members",54,88.888888,"4-5 parties","EU Member state","Most free",12,0.1068,"Low",73.6,81,70,51.2,28.8,75,79.1,79.3,71.6,90,87.5,318.4,2.5356,"High","High",38152,"High",30,29.1,"High GDP",1156,"OECD Member state",17.032149,16.02893,"High post-mat",8090000,8.3,"4.4-16.4 mil","Moderate (1-29m)","Yes","Moderate","Parliamentary democ","W. Europe",NA,"Roman Catholic",36.599998,67.775,66.12,"20-50%",75.61,33.9,27.9,1918,"1944 or before",16.16753,15.219676
"Azerbaijan","Soviet Union",54.168485,1.19,63,"Approx 60%","No","",5,23.877069,"","Not member","2.5",3,0.20469999,"Low",74.6,19,40,79.5,77.5,55,82.5,62.7,58.8,20,77.1,76.1,0.0745,"Low","Low",8765,"",36.5,36.5,"Low GDP",1991,"Not member",7.1770771,7.49049,"Low post-mat",8233000,8.7,"4.4-16.4 mil","Moderate (1-29m)","No","Low","Dictatorship","C&E Europe",NA,"Muslim",75.400002,51.897,51.58,"20-50%",NA,NA,11.4,1921,"1944 or before",27.00255,24.820463
"Bahamas","UK",NA,NA,87.5,"Approx 90%","Yes","single member",NA,79.66903,"","Not member","Most free",12,0.4228,"Medium",73.4,55,70,95.2,83.6,30,81,72.7,67.3,70,42.2,9.2,1.5797,"High","High",27470,"High",NA,NA,"High GDP",1973,"Not member",6.432427,5.582279,"",317413.4,0.3,"<=4.3 mil","Small (under 1m)","No","","Parliamentary democ","S. America",NA,"Protestant",NA,89.384,90.62,"",69.19,20,12.2,1961,"After 1944",28.37286,27.97588
"Bahrain","UK",NA,NA,10.5,"10%","No","single member",25,65.01182,"","Not member","3",4,0.50209999,"Medium",77.8,54,80,99.9,80.8,65,89.4,73.4,76.3,60,82.9,26.9,1.1007,"High","High",34605,"Low",NA,NA,"High GDP",1971,"Not member",3.050511,2.524943,"",711661.8,0.8,"<=4.3 mil","Small (under 1m)","No","","Dictatorship","Middle East",NA,"Muslim",NA,93.0222,96.72,"",NA,NA,2.5,1973,"After 1944",27.16081,26.649218
"Bangladesh","Other",71.644389,NA,58.3,"Approx 60%","Yes","single member",9,34.042554,"1-3 parties","Not member","4",6,0.0454,"Low",59.4,21,20,72.8,93.9,45,53.8,66.6,51.1,20,58,213.5,0.0351,"Low","Low",1334,"Low",31.8,33.4,"Low GDP",1971,"Not member",3.6596365,3.353247,"Low post-mat",138100000,160,">=16.8 mil","Large (30m+)","No","High","Parliamentary democ","Asia-Pacific",NA,"Muslim",4.3000002,26.7732,25.54,">50%",NA,2,18.6,1972,"After 1944",35.47061,35.019107
"Barbados","UK",NA,NA,87.5,"Approx 90%","Yes","single member",NA,78.723405,"1-3 parties","Not member","Most free",12,0.14229999,"Low",90,70,60,70.1,54.6,45,80,73.1,68.3,80,60.5,5.2,0.9423,"High","High",19025,"High",NA,NA,"High GDP",1966,"Not member",9.9514491,10.16793,"",270584,0.3,"<=4.3 mil","Small (under 1m)","No","","Parliamentary democ","S. America",NA,"Protestant",NA,51.6532,53.3,"",63.54,13.3,10,1950,"After 1944",20.62863,18.64657
"Belarus","Soviet Union",15.645705,1.24,63,"Approx 60%","No","single member",4,22.222223,"","Not member","1.5",1,0.3222,"Medium",72.1,20,10,85.2,32,20,84.8,62.6,48.7,20,80.3,118.7,0.1441,"Low","Middle",12261,"",30.4,29.7,"Low GDP",1991,"Not member",14.632203,14.03502,"Low post-mat",9880963,9.7,"4.4-16.4 mil","Moderate (1-29m)","No","Moderate","Dictatorship","C&E Europe",NA,"Orthodox",96.099998,69.9056,72.68,"<20%",NA,NA,31.8,1919,"1944 or before",16.83378,14.735937
"Belgium","Netherlands",43.315162,1.38,100,"100%","Yes","6 or more members",55,90.307329,"6-11 parties","EU Member state","Most free",12,0.55540001,"Medium",92.9,73,70,42.2,30,80,67.1,77.9,70.1,80,87.5,369.2,2.3749,"High","High",34493,"High",25,33,"High GDP",1830,"OECD Member state",17.610536,16.74956,"High post-mat",10376000,10.7,"4.4-16.4 mil","Moderate (1-29m)","Yes","High","Parliamentary democ","W. Europe",NA,"Roman Catholic",38.099998,97.5114,97.22,"20-50%",86,34.7,35.3,1919,"1944 or before",16.96234,16.646437
"Belize","UK",NA,NA,87.5,"Approx 90%","Yes","single member",NA,45.153664,"1-3 parties","Not member","6.5",11,0.7015,"High",74.1,29,50,68.3,74.9,50,81.7,75.6,61.5,40,71.5,2.2,0.3332,"High","Middle",6941,"Low",NA,NA,"High GDP",1981,"Not member",4.2735944,4.411486,"",273700,0.3,"<=4.3 mil","Small (under 1m)","No","","Parliamentary democ","S. America",NA,"Roman Catholic",NA,48.3762,48.52,"",73.87,6.7,0,1954,"After 1944",37.65944,36.159981
"Benin","France",NA,NA,40.8,"Approx 40%","Yes",">1 to 5 members",9,31.914894,"6-11 parties","Not member","6",10,0.78719997,"High",42.3,31,50,75.9,85.2,60,47.8,74.6,55.4,30,57,12.7,0.0411,"Low","Low",1468,"",NA,36.5,"Low GDP",1960,"Not member",2.7238843,2.665092,"",6720250,8.7,"4.4-16.4 mil","Moderate (1-29m)","Yes","","Presidential democ","Africa",NA,"other",NA,44.542,40.5,"",61.83,7.2,10.8,1956,"After 1944",44.96803,43.944107
"Bhutan","Other",NA,NA,58.3,"Approx 60%","No","single member",93,68.55792,"","Not member","2.5",5,0.60500002,"High",60.5,52,30,84.1,58.3,15,85.1,73.4,57,60,52,3.3,0.0695,"Low","Low",4755,"",NA,NA,"Low GDP",1949,"Not member",4.648372,4.07703,"",873662.6,0.7,"<=4.3 mil","Small (under 1m)","No","","Dictatorship","Asia-Pacific",NA,"eastern",NA,7.907,11.44,"",NA,NA,8.5,1953,"After 1944",42.59955,37.8486
"Bolivia","Spain",NA,1.48,87.5,"Approx 90%","Yes","",18,34.042554,"6-11 parties","Not member","5",8,0.7396,"High",57.3,30,50,84.3,67.5,15,39.4,63.2,49.4,10,76.9,41.4,0.0886,"Low","Middle",4278,"Medium",44.7,60.1,"Low GDP",1825,"Not member",4.5766512,4.368956,"",8814158,9.7,"4.4-16.4 mil","Moderate (1-29m)","No","","Presidential democ","S. America",NA,"Roman Catholic",16.4,64.0016,64.66,"",63.44,19.2,16.9,1938,"1944 or before",38.35107,37.674164
"Bosnia","Soviet Union",70.204136,NA,63,"Approx 60%","No","6 or more members",0,25.295509,"","Not member","4.5",7,0.63,"High",61.3,32,60,83.2,28.8,70,61.2,74.7,56.2,10,80.8,31.7,0.1362,"Low","Middle",8390,"",26.2,26.2,"Low GDP",1992,"Not member",14.441796,10.91577,"Low post-mat",4139835,3.8,"<=4.3 mil","Moderate (1-29m)","Yes","Moderate","Dictatorship","C&E Europe",NA,"Muslim",NA,44.3636,46.28,"20-50%",NA,NA,11.9,NA,"",17.22288,16.161475
"Botswana","UK",NA,0.86,40.8,"Approx 40%","No","single member",34,67.13948,"","Not member","6",10,0.4102,"Medium",70.5,58,70,74.1,67.1,80,70.8,68.8,70.3,70,73.9,25.5,0.308,"High","Middle",13392,"Medium",63,60.5,"High GDP",1966,"Not member",3.4539451,2.305854,"",1722468,1.9,"<=4.3 mil","Moderate (1-29m)","No","","Dictatorship","Africa",NA,"other",11.5,50.3014,58.16,"",44,NA,11.1,1965,"After 1944",41.51864,37.324169
"Brazil","Portugal",32.501337,2.07,87.5,"Approx 90%","Yes","6 or more members",15,41.371158,"6-11 parties","Not member","5.5",10,0.54079998,"Medium",54.5,35,50,68.4,50.3,45,57.5,75.8,55.6,50,69.2,2000,0.2593,"High","Middle",10296,"",59.1,57,"High GDP",1822,"Not member",6.2526264,5.382556,"Moderate post-mat",176600000,192,">=16.8 mil","Large (30m+)","Yes","High","Presidential democ","S. America",NA,"Roman Catholic",32.099998,82.7984,84.66,">50%",83.54,8.6,9,1934,"1944 or before",27.52018,27.618502
"Brunei Darussalam","UK",NA,NA,58.3,"Approx 60%","No","",NA,69.267139,"","Not member","2.5",3,0.54159999,"Medium",NA,NA,NA,NA,NA,NA,NA,NA,NA,NA,NA,NA,NA,"","",NA,"",NA,NA,"",1984,"Not member",3.1832725,2.994178,"",356446.9,NA,"","Small (under 1m)","No","","Dictatorship","Asia-Pacific",NA,"Muslim",NA,73.755,73.94,"",NA,NA,NA,NA,"",30.52162,29.206617
"Bulgaria","Soviet Union",38.976006,1.89,63,"Approx 60%","Yes","6 or more members",10,45.153664,"4-5 parties","Not member","6.5",10,0.4021,"Medium",77.8,36,60,86.3,48.3,50,78.1,69.5,62.3,30,87.4,94.5,0.1944,"High","Middle",12393,"",31.9,29.2,"High GDP",1991,"Not member",16.846243,16.41399,"Low post-mat",7823000,7.6,"4.4-16.4 mil","Moderate (1-29m)","Yes","Low","Parliamentary democ","C&E Europe",NA,"Orthodox",51.400002,67.5298,70.26,"<20%",62.41,26.3,20.8,1944,"1944 or before",14.38438,13.504289
"Burkina Faso","France",NA,NA,40.8,"Approx 40%","No",">1 to 5 members",20,30.260047,"","Not member","3.5",6,0.73769999,"High",60,35,50,80.4,80,50,64.4,73,59.4,30,71.3,17.7,0.0264,"Low","Low",1161,"",48.2,39.5,"Low GDP",1960,"Not member",2.6905615,2.714631,"",12109230,15.2,"4.4-16.4 mil","Moderate (1-29m)","Yes","","Dictatorship","Africa",NA,"Muslim",NA,17.6154,18.7,"",NA,NA,15.3,1958,"After 1944",46.88384,46.99383
"Burundi","Belgium",NA,NA,40.8,"Approx 40%","No","",2,12.056737,"","Not member","3",5,0.2951,"Medium",37.8,19,30,72.2,42.7,50,66.9,62.7,47.5,25,68.6,3.1,0.0102,"Low","Low",383,"",33.3,42.4,"Low GDP",1962,"Not member",2.6861697,2.53424,"",7205982,8.1,"4.4-16.4 mil","Moderate (1-29m)","Yes","","Dictatorship","Africa",NA,"Roman Catholic",NA,9.9458,10.32,"",NA,NA,30.5,1961,"After 1944",45.32408,44.606113
"Cambodia","France",NA,NA,58.3,"Approx 60%","No","6 or more members",2,33.333333,"","Not member","2.5",3,0.2105,"Low",39.9,18,50,91,92.9,60,43.6,70.5,56.6,30,70,28,0.0321,"Low","Low",1905,"Low",40.4,41.7,"Low GDP",1953,"Not member",3.4961583,3.199689,"",13403640,14.7,"4.4-16.4 mil","Moderate (1-29m)","Yes","","Dictatorship","Asia-Pacific",NA,"eastern",NA,18.6092,20.32,"",NA,NA,16.3,1955,"After 1944",40.99192,36.516223
"Cameroon","France",NA,NA,40.8,"Approx 40%","No","",8,31.914894,"","Not member","2",2,0.8635,"High",37.2,23,50,71.8,92.7,35,52.2,71.9,52.3,30,59.7,41.9,0.0575,"Low","Low",2215,"",44.6,44.6,"Low GDP",1960,"Not member",3.6994468,3.706096,"",16087470,18.9,">=16.8 mil","Moderate (1-29m)","No","","Dictatorship","Africa",NA,"Roman Catholic",14.7,51.196,55.46,"",NA,NA,13.9,1946,"After 1944",41.12659,40.824905
"Canada","UK",58.203871,2.45,100,"100%","Yes","single member",112,91.016548,"4-5 parties","Not member","Most free",12,0.71240002,"High",96.5,87,80,76.7,54.1,75,81.5,75.4,80.4,90,88.1,1200,2.2777,"High","High",36444,"High",33.1,32.6,"High GDP",1867,"OECD Member state",13.289683,12.83932,"High post-mat",31630000,33.3,">=16.8 mil","Large (30m+)","No","High","Parliamentary democ","N. America",NA,"Roman Catholic",31,79.3198,80.22,"20-50%",53.59,21.1,22.1,1917,"1944 or before",18.1522,17.261908
"Cape Verde","Portugal",NA,NA,40.8,"Approx 40%","Yes","",NA,41.843972,"1-3 parties","Not member","Most free",12,0.4174,"Medium",63.3,51,60,65.6,65.3,60,48.1,74.5,61.8,65,65.5,1.7,0.1345,"Low","Middle",3504,"",NA,NA,"Low GDP",1975,"Not member",4.2141212,3.609488,"",469680.5,0.5,"<=4.3 mil","Small (under 1m)","Yes","","Parliamentary democ","Africa",NA,"Roman Catholic",16.9,65.6512,58.04,"",79.98,11.1,18.1,1975,"After 1944",41.60167,38.987516
"Central African Republic","France",NA,NA,40.8,"Approx 40%","Yes","single member",7,12.765959,"6-11 parties","Not member","2.5",4,0.82950002,"High",37.5,20,30,65.5,94.1,40,50.7,68.3,48.4,20,58.1,3.3,0.0274,"Low","Low",736,"",61.3,61.3,"Low GDP",1960,"Not member",4.0615779,3.501479,"",3880847,4.4,"4.4-16.4 mil","Moderate (1-29m)","No","","","Africa",NA,"Protestant",NA,42.675,38.18,"",NA,NA,10.5,1986,"After 1944",41.84214,42.814437
"Chad","France",NA,NA,40.8,"Approx 40%","No","single member",8,28.841608,"","Not member","2.5",1,0.86199999,"High",32.7,16,40,50.5,89.2,45,46.9,76.7,47.5,20,58.4,16.1,0.024,"Low","Low",1455,"",NA,NA,"Low GDP",1960,"Not member",3.0130717,2.814049,"",8581741,11.1,"4.4-16.4 mil","Moderate (1-29m)","No","","Dictatorship","Africa",NA,"Muslim",NA,24.9576,25.76,"",NA,NA,5.2,1958,"After 1944",48.01015,47.30024
"Chile","Spain",58.368495,1.51,87.5,"Approx 90%","Yes",">1 to 5 members",11,74.704493,"6-11 parties","Not member","Most free",12,0.18610001,"Low",64.8,69,70,77.5,89.6,80,75.4,73,77.2,85,88,242.4,0.4115,"High","High",14465,"Low",57.1,54.9,"High GDP",1810,"Not member",8.2951543,7.424518,"High post-mat",15774000,16.8,">=16.8 mil","Moderate (1-29m)","Yes","Moderate","Presidential democ","S. America",NA,"Roman Catholic",15.9,86.557,87.88,"20-50%",66.49,12.5,15,1931,"1944 or before",26.91617,24.294406
"China","none",73.788814,1.86,58.3,"Approx 60%","No","",51,50.827423,"","Not member","1.5",1,0.1538,"Low",49.7,36,30,70.2,88.1,20,53.2,70.6,51,20,72.2,7900,0.0989,"Low","Middle",5962,"",44.7,46.9,"Low GDP",NA,"Not member",7.7290434,7.296793,"Low post-mat",1.288e+09,1300,">=16.8 mil","Large (30m+)","No","Low","Dictatorship","Asia-Pacific",NA,"eastern",54.700001,38.6518,41.3,"<20%",NA,NA,21.3,1949,"After 1944",23.64884,20.887309
"Colombia","France",NA,NA,87.5,"Approx 90%","Yes",">1 to 5 members",43,37.352246,"1-3 parties","Not member","4",7,0.60140002,"High",83.6,38,60,74.3,74.8,55,72.7,74,65.5,50,72.5,395.7,0.185,"Low","Middle",8885,"Medium",57.6,58.6,"Low GDP",1810,"Not member",5.1853538,4.761569,"",44584000,44.5,">=16.8 mil","Large (30m+)","Yes","Moderate","Presidential democ","S. America",NA,"Roman Catholic",7,76.4788,73,">50%",NA,12,8.4,1954,"After 1944",31.76542,30.574782
"Comoros","France",NA,NA,40.8,"Approx 40%","No","single member",0,26.713949,"","Not member","4",7,0,"Low",43.7,25,20,65,85.1,10,31.4,76.4,44.9,30,62.4,0.8,0.0437,"Low","Low",1169,"",NA,NA,"Low GDP",1975,"Not member",2.7014291,2.629256,"",600141.8,0.6,"<=4.3 mil","Small (under 1m)","No","","Dictatorship","Africa",NA,"Muslim",NA,35.0286,37.68,"",NA,NA,3,1956,"After 1944",41.9486,41.763132
"Congo Brazzaville","France",NA,NA,40.8,"Approx 40%","No","single member",3,17.021277,"","Not member","3.5",NA,0.87470001,"High",48.7,19,30,60.3,69.3,15,48.1,70.8,43.2,10,61,14.3,0.0825,"Low","Low",3946,"",NA,NA,"Low GDP",1960,"Not member",2.8987334,3.057425,"",3757263,3.6,"<=4.3 mil","Moderate (1-29m)","No","","Dictatorship","Africa",NA,"Roman Catholic",NA,67.2612,60.58,"",NA,NA,NA,1963,"After 1944",46.88813,47.277135
"Congo Kinshasa","Belgium",NA,NA,40.8,"Approx 40%","No","single member",0,8.7470444,"","Not member","2",NA,0.87470001,"High",33.5,17,20,74,90.5,15,33.4,58.7,41.4,10,61.7,20.6,0.0111,"Low","Low",321,"",NA,NA,"Low GDP",1960,"Not member",2.6654063,2.564573,"",53153360,64.2,">=16.8 mil","Large (30m+)","No","","Dictatorship","Africa",NA,"Roman Catholic",NA,NA,32.72,"",NA,NA,NA,1967,"After 1944",47.88654,47.355372
"Costa Rica","Spain",NA,NA,87.5,"Approx 90%","Yes","6 or more members",80,55.319149,"4-5 parties","Not member","Most free",12,0.2368,"Low",59.3,51,50,82.4,87,70,59,67.8,65.9,50,82.5,50.9,0.4271,"High","High",11241,"High",46.5,49.8,"High GDP",1821,"Not member",5.9250199,5.800696,"",4004680,4.5,"4.4-16.4 mil","Moderate (1-29m)","Yes","","Presidential democ","S. America",NA,"Roman Catholic",13.1,60.5698,62.22,"",54.01,35.1,36.8,1949,"After 1944",29.81476,27.760215
"Cote d'Ivoire","France",NA,NA,40.8,"Approx 40%","Yes","single member",0,25.531915,"","Not member","4.5",NA,0.8204,"High",43.7,20,50,78.3,87.1,35,56.1,76,54.1,30,64.3,34,0.0707,"Low","Low",1651,"",45.2,44.6,"Low GDP",1960,"Not member",3.321401,2.59641,"",16835420,20.6,">=16.8 mil","Moderate (1-29m)","No","","Presidential democ","Africa",NA,"Muslim",13,44.92,45.44,"",NA,8.5,8.9,1952,"After 1944",41.49353,41.523354
"Croatia","Soviet Union",44.175465,1.33,63,"Approx 60%","Yes","",0,51.06383,"","Not member","6",10,0.36899999,"Medium",61.5,44,60,70.3,47.1,65,40.8,75.8,59.2,40,87.8,84.6,0.5025,"High","High",19084,"Medium",29,29,"High GDP",1991,"Not member",17.325376,15.75848,"Moderate post-mat",4444653,4.4,"4.4-16.4 mil","Moderate (1-29m)","Yes","Moderate","","C&E Europe",NA,"Roman Catholic",NA,58.992,56.76,"20-50%",70.84,21.7,20.9,1945,"After 1944",16.15801,15.264906
"Cuba","Spain",NA,NA,87.5,"Approx 90%","No","single member",39,40.425532,"","Not member","Least free",1,0.59079999,"Medium",10,43,10,45.9,NA,NA,20,66.7,26.7,10,61.7,108.2,NA,"","",9500,"",NA,NA,"",1902,"Not member",11.114244,10.41823,"",11326000,11.2,"4.4-16.4 mil","Moderate (1-29m)","No","","Dictatorship","S. America",NA,"other",NA,75.8608,75.36,"",NA,NA,43.2,1934,"1944 or before",20.34221,18.703574
"Cyprus","UK",NA,NA,100,"100%","Yes","6 or more members",26,70.212766,"4-5 parties","EU Member state","Most free",12,0.0939,"Low",80.3,64,70,72.7,44.8,70,61.5,82.9,70.9,80,82.5,22.7,1.321,"High","High",29853,"Medium",NA,NA,"High GDP",1960,"Not member",12.237108,11.95185,"",769954,0.8,"<=4.3 mil","Small (under 1m)","Yes","","Presidential democ","W. Europe",NA,"Orthodox",53.700001,70.854,69.5,"",77.83,16.1,14.3,1960,"After 1944",21.81304,19.382189
"Czech Republic","Soviet Union",35.172868,1.44,63,"Approx 60%","Yes","6 or more members",7,63.120567,"4-5 parties","EU Member state","Most free",12,0.3222,"Medium",65.5,52,80,80.1,45.6,70,76.4,75.6,69.8,65,87.5,257.7,0.6808,"High","High",24712,"Medium",25.4,25.4,"High GDP",1993,"OECD Member state",14.401404,13.8767,"Moderate post-mat",10202000,10.4,"4.4-16.4 mil","Moderate (1-29m)","Yes","Low","Parliamentary democ","C&E Europe",NA,"Roman Catholic",36.299999,74.6692,73.5,"<20%",65.12,17,15.5,1920,"1944 or before",15.4777,14.323425
"Denmark","none",63.137017,2.11,100,"100%","Yes","6 or more members",54,93.617022,"6-11 parties","EU Member state","Most free",12,0.0819,"Low",97.9,93,90,35.9,22,90,93.7,79.3,77.9,90,87.5,201.2,3.2179,"High","High",36607,"High",24.7,24.7,"High GDP",1849,"OECD Member state",15.204531,14.90654,"High post-mat",5387200,5.5,"4.4-16.4 mil","Moderate (1-29m)","Yes","High","Parliamentary democ","Scandinavia",NA,"Protestant",68.199997,85.1,85.72,"<20%",83.2,36.9,38,1915,"1944 or before",18.56179,18.715258
"Djibouti","France",NA,NA,40.8,"Approx 40%","No","6 or more members",1,25.768322,"","Not member","3",4,0.79619998,"High",35.7,30,60,78.2,58.9,60,55.3,70.5,51,30,31.9,1.8,0.0861,"Low","Middle",2140,"",NA,NA,"Low GDP",1977,"Not member",2.892226,3.011863,"",705480,0.8,"<=4.3 mil","Small (under 1m)","No","","Dictatorship","Africa",NA,"Muslim",NA,84.5892,86.5,"",NA,NA,13.8,1946,"After 1944",42.78563,41.130218
"Dominica","UK",0.51670841,NA,87.5,"Approx 90%","Yes","single member",NA,54.137116,"1-3 parties","Not member","Most free",12,0.20029999,"Low",75.4,60,30,67.7,49.8,65,65.2,80,63.2,65,74.3,0.6,0.3438,"High","Middle",8696,"",NA,NA,"High GDP",1978,"Not member",NA,8.383,"",71212.83,0.1,"<=4.3 mil","Moderate (1-29m)","No","","Parliamentary democ","S. America",NA,"Roman Catholic",NA,72.0272,73.24,"",82.1,19.4,18.8,1951,"After 1944",25.02075,NA
"Dominican Rep","Other",NA,1.35,87.5,"Approx 90%","Yes",">1 to 5 members",4,36.879433,"1-3 parties","Not member","6",10,0.4294,"Medium",62.4,30,40,85.3,90.2,55,59.6,70.8,60.3,30,80,80.8,0.2514,"High","Middle",8217,"Medium",47.4,51.6,"High GDP",1844,"Not member",4.2212077,4.537032,"High post-mat",8738639,9.8,"4.4-16.4 mil","Moderate (1-29m)","Yes","Moderate","Presidential democ","S. America",NA,"Roman Catholic",17.299999,67.1476,67.54,">50%",56.4,17.4,19.7,1942,"1944 or before",31.95442,32.339256
"Ecuador","Spain",NA,NA,87.5,"Approx 90%","No",">1 to 5 members",0,23.877069,"","Not member","5",8,0.65499997,"High",52.9,20,40,79.3,77.5,25,42.2,63.9,49.3,20,71.8,107.9,0.1897,"Low","Middle",8009,"Medium",43.7,53.6,"Low GDP",1822,"Not member",5.9505971,4.872219,"",13007940,13.5,"4.4-16.4 mil","Moderate (1-29m)","Yes","","Dictatorship","S. America",NA,"Roman Catholic",9.8000002,64.2916,63.28,"",70.28,NA,32.3,1929,"1944 or before",32.71583,31.974439
"Egypt","UK",59.227665,NA,10.5,"10%","No","single member",48,39.007092,"","Not member","2.5",3,0.18359999,"Low",65,28,50,89.7,73.4,50,55.6,64.2,59,40,74,441.6,0.1354,"Low","Middle",5416,"Low",34.4,34.4,"Low GDP",1922,"Not member",4.8244758,4.308604,"Moderate post-mat",67559040,81.5,">=16.8 mil","Large (30m+)","No","Low","Dictatorship","Middle East",NA,"Muslim",29.6,42.85,42.98,">50%",NA,NA,1.8,1956,"After 1944",33.5065,33.270552
"El Salvador","Spain",41.978817,NA,87.5,"Approx 90%","Yes",">1 to 5 members",16,34.042554,"4-5 parties","Not member","5.5",9,0.1978,"Low",67.4,39,70,85.7,89.2,75,64.5,74.1,69.9,50,83.8,41.7,0.2226,"High","Middle",6794,"Low",53.2,52.4,"High GDP",1821,"Not member",5.4146658,4.978566,"",6533215,6.1,"4.4-16.4 mil","Moderate (1-29m)","Yes","","Presidential democ","S. America",NA,"Roman Catholic",7.1999998,63.5124,60.1,">50%",52.72,10.7,19,1939,"1944 or before",34.67369,33.604297
"Equatorial Guinea","Spain",NA,NA,40.8,"Approx 40%","No","",31,14.184397,"","Not member","1.5",0,0.34670001,"Medium",44.8,17,40,75.5,83.9,20,44.8,80.9,48.6,20,58.9,22.3,0.4394,"High","High",33873,"",NA,NA,"High GDP",1968,"Not member",3.9215686,3.668169,"",494000,0.7,"<=4.3 mil","Moderate (1-29m)","Yes","","Dictatorship","Africa",NA,"Roman Catholic",NA,51.3928,39.06,"",NA,NA,10,1963,"After 1944",43.5783,44.524251
"Eritrea","Other",NA,NA,40.8,"Approx 40%","No","",7,36.170213,"","Not member","1.5",1,0.65240002,"High",18,26,20,73,6.9,NA,70.8,59,35.3,10,69.1,3.2,0.015,"Low","Low",632,"",NA,NA,"Low GDP",1993,"Not member",2.3325983,2.65099,"",4389500,5,"4.4-16.4 mil","Moderate (1-29m)","No","","Dictatorship","Africa",NA,"Muslim",7.1999998,19.95225,19.84,"",NA,NA,22,1955,"After 1944",44.325,44.641537
"Estonia","Soviet Union",39.182308,1.47,63,"Approx 60%","Yes","6 or more members",9,65.01182,"6-11 parties","EU Member state","Most free",12,0.50620002,"Medium",83.1,66,80,80.2,62.2,90,47,71.1,74.7,80,87.5,27.7,0.4792,"High","High",20662,"Medium",37.2,35.8,"High GDP",1991,"Not member",16.629506,15.2237,"Moderate post-mat",1353000,1.3,"<=4.3 mil","Moderate (1-29m)","Yes","Moderate","Parliamentary democ","C&E Europe",NA,"Protestant",26.4,69.5072,69.14,"<20%",53.44,18.8,20.8,1918,"1944 or before",16.14484,14.892963
"Ethiopia","none",NA,NA,40.8,"Approx 40%","No","single member",5,25.531915,"","Not member","3",4,0.72350001,"High",66.3,26,20,77.7,82.9,25,61.5,60.4,51.2,30,61.9,70.1,0.009,"Low","Low",868,"",30,30,"Low GDP",NA,"Not member",2.9559849,2.817847,"",68613470,80.7,">=16.8 mil","Large (30m+)","No","","Dictatorship","Africa",NA,"Orthodox",4.0999999,16.6118,16.28,"",NA,NA,21.9,1955,"After 1944",45.40961,44.2433
"Fiji","UK",NA,1.05,58.3,"Approx 60%","No",">1 to 5 members",0,47.990544,"","Not member","4.5",4,0.54790002,"Medium",63.5,40,60,75.7,80.6,25,84,73.6,60.3,30,71,3.7,0.2281,"High","Middle",4382,"Low",NA,NA,"High GDP",1970,"Not member",3.9816281,3.781573,"",835000,0.8,"<=4.3 mil","Small (under 1m)","No","","Dictatorship","Asia-Pacific",NA,"Protestant",NA,51.7042,51.32,"",NA,NA,NA,1963,"After 1944",32.29348,31.328649
"Finland","none",46.875924,1.52,100,"100%","Yes","6 or more members",56,94.089834,"6-11 parties","EU Member state","Most free",12,0.13150001,"Low",95,90,80,65.4,32.9,75,43.8,78.9,73.8,90,87.5,188.2,2.5295,"High","High",35427,"High",26.9,26.9,"High GDP",1917,"OECD Member state",16.053324,15.34124,"High post-mat",5212000,5.3,"4.4-16.4 mil","Moderate (1-29m)","Yes","Moderate","Parliamentary democ","Scandinavia",NA,"Protestant",59.700001,58.966,61.2,"<20%",68.18,37.5,41.5,1906,"1944 or before",17.61916,17.063919
"France","France",55.116509,1.72,100,"100%","Yes","single member",31,86.052008,"1-3 parties","EU Member state","Most free",12,0.1032,"Low",86.3,69,70,51.9,17.9,50,54.7,79.7,64.2,80,82.5,2100,2.4061,"High","High",34045,"",32.7,32.7,"High GDP",486,"OECD Member state",16.616388,16.13415,"High post-mat",59762000,62,">=16.8 mil","Large (30m+)","No","High","","W. Europe",NA,"Roman Catholic",6.0999999,75.8812,76.92,"<20%",54.52,12.2,18.2,1944,"1944 or before",18.59586,18.12015
"Gabon","France",NA,NA,40.8,"Approx 40%","No","single member",9,35.933806,"","Not member","3.5",4,0.76899999,"High",58.8,31,40,61.5,86.4,45,57.4,71.4,55.4,40,62.1,21,0.378,"High","High",14527,"",NA,NA,"High GDP",1960,"Not member",4.3206466,5.533752,"",1344433,1.4,"<=4.3 mil","Moderate (1-29m)","No","","Dictatorship","Africa",NA,"Roman Catholic",2,83.645,84.08,"",NA,NA,16.7,1956,"After 1944",40.42805,39.559166
"Gambia","UK",NA,NA,40.8,"Approx 40%","No","single member",3,27.423168,"","Not member","4",5,0.78640002,"High",58.5,19,50,71.9,75.3,55,63.8,71.6,55.1,25,60.6,2.3,0.0257,"Low","Low",1363,"",38,50.2,"Low GDP",1965,"Not member",3.7983959,3.248726,"",1420895,1.7,"<=4.3 mil","Moderate (1-29m)","No","","Dictatorship","Africa",NA,"Muslim",NA,32.5648,54.74,"",NA,NA,9.4,1960,"After 1944",40.53449,39.890387
"Georgia","Soviet Union",38.627903,1.21,63,"Approx 60%","No","6 or more members",0,28.368795,"","Not member","4.5",6,0.4923,"Medium",87.9,39,60,89.1,65.3,70,93.7,70.2,70.4,40,89.1,21.4,0.0656,"Low","Low",4896,"Low",36.9,40.4,"Low GDP",1991,"Not member",14.392715,14.3087,"Low post-mat",5126000,4.4,"4.4-16.4 mil","Moderate (1-29m)","No","Moderate","Dictatorship","C&E Europe",NA,"Orthodox",NA,57.0248,52.3,"20-50%",NA,NA,5.1,1918,"1944 or before",18.3898,18.36641
"Germany","none",52.728927,2.18,100,"100%","Yes","",10,88.179669,"6-11 parties","EU Member state","Most free",12,0.1682,"Low",89.6,79,60,58.3,41.4,85,39.9,79.9,71.1,90,87.5,2900,2.4051,"High","High",35613,"High",28.3,28.3,"High GDP",1871,"OECD Member state",19.205148,17.31352,"High post-mat",82541000,82.1,">=16.8 mil","Large (30m+)","No","High","Parliamentary democ","W. Europe",NA,"Protestant",29.6,88.0864,75.28,"<20%",71.99,32.8,32.8,1918,"1944 or before",14.86566,14.078631
"Ghana","UK",NA,NA,40.8,"Approx 40%","Yes","single member",4,46.808511,"1-3 parties","Not member","6",11,0.67330003,"High",56.8,39,60,83.5,58.9,65,57.4,65.9,60.2,50,65.3,33.9,0.0304,"Low","Low",1452,"",30,40.8,"Low GDP",1957,"Not member",3.7193298,4.426855,"",20669260,23.4,">=16.8 mil","Moderate (1-29m)","No","","Presidential democ","Africa",NA,"other",25.9,37.0848,48.54,"",79.98,10.9,8.3,1954,"After 1944",41.89008,38.585642
"Greece","Ottoman",NA,NA,100,"100%","Yes",">1 to 5 members",25,65.248227,"1-3 parties","EU Member state","6.5",11,0.1576,"Low",77.4,47,60,65.9,41.9,60,55.1,77.6,62.7,60,82.5,330,1.2494,"High","High",29361,"Medium",35.4,34.3,"High GDP",1829,"OECD Member state",18.26996,18.68472,"",11033000,11.2,"4.4-16.4 mil","Moderate (1-29m)","Yes","","Parliamentary democ","W. Europe",NA,"Orthodox",15.4,60.868,59.14,"20-50%",74.14,14,14.7,1927,"1944 or before",14.65419,14.202543
"Grenada","UK",NA,NA,87.5,"Approx 90%","Yes","single member",NA,55.555555,"1-3 parties","Not member","6.5",11,0.26609999,"Low",NA,NA,NA,NA,NA,NA,NA,NA,NA,NA,NA,NA,0.406,"High","High",NA,"",NA,NA,"High GDP",1974,"Not member",NA,7.0066,"",104600,NA,"","Small (under 1m)","No","","Parliamentary democ","S. America",NA,"Roman Catholic",NA,39.55189,30.68,"",80.3,26.7,13.3,1951,"After 1944",34.2037,NA
"Guatemala","Spain",NA,0.38,87.5,"Approx 90%","Yes",">1 to 5 members",4,32.1513,"1-3 parties","Not member","4",7,0.5122,"Medium",52.5,31,50,79.3,93.9,60,54.3,70.2,61,35,84,65.1,0.1941,"High","Middle",4760,"",48.3,55.1,"High GDP",1821,"Not member",4.3358889,3.456437,"",12307090,13.7,"4.4-16.4 mil","Moderate (1-29m)","Yes","","Presidential democ","S. America",NA,"Roman Catholic",4.4000001,40.6326,47.66,"",NA,8.2,12,1946,"After 1944",42.49152,42.956042
"Guinea-Bissau","Spain",NA,NA,40.8,"Approx 40%","Yes",">1 to 5 members",0,14.65721,"4-5 parties","Not member","4",6,0.8082,"High",23.4,19,30,88.6,47.3,30,52.5,67,43.6,20,58.2,0.8,0.0141,"Low","Low",538,"",47,47,"Low GDP",1958,"Not member",3.0260198,3.436115,"",1489209,1.6,"<=4.3 mil","Moderate (1-29m)","Yes","","Presidential democ","Africa",NA,"Muslim",NA,33.94,29.68,"",NA,14,10,1977,"After 1944",44.44656,47.651486
"Guinea","Portugal",NA,NA,40.8,"Approx 40%","No","",5,28.132388,"","Not member","2.5",2,0.73890001,"High",43.7,16,40,69.9,93.1,40,78,57.4,51.8,20,60,11.8,0.0415,"Low","Low",1204,"",40.3,38.6,"Low GDP",1973,"Not member",3.5594611,2.548343,"",7908905,9.8,"4.4-16.4 mil","Small (under 1m)","No","","Dictatorship","Africa",NA,"Muslim",2.5,28.9248,33.46,"",NA,NA,NA,1958,"After 1944",43.64223,43.601477
"Guyana","UK",NA,NA,87.5,"Approx 90%","Yes","",8,39.007092,"","Not member","6",9,0.61949998,"High",63.4,26,40,55.9,26.2,30,65.2,71,48.4,35,71.3,1.9,0.0937,"Low","Middle",2542,"",43.2,NA,"Low GDP",1966,"Not member",5.2110597,4.82019,"",768888,0.8,"<=4.3 mil","Small (under 1m)","Yes","","Presidential democ","S. America",NA,"Roman Catholic",25.200001,37.593,28.26,"",66.44,30.8,30,1953,"After 1944",29.89343,29.053357
"Haiti","France",NA,NA,87.5,"Approx 90%","Yes","single member",0,9.6926727,"1-3 parties","Not member","1.5",5,0.095,"Low",36,14,30,81.5,91.3,30,69.2,67.1,50.8,10,79.1,11.5,0.0415,"Low","Low",1177,"",NA,59.2,"Low GDP",1804,"Not member",4.0375135,3.464736,"",8439799,9.8,"4.4-16.4 mil","Moderate (1-29m)","No","","","S. America",NA,"Roman Catholic",NA,37.6366,39.46,"",NA,3.6,4.1,1950,"After 1944",38.9988,37.137376
"Honduras","Spain",NA,NA,87.5,"Approx 90%","Yes","6 or more members",18,29.31442,"1-3 parties","Not member","5",8,0.1867,"Low",63,26,60,84.7,73.5,60,31.6,70.2,58.3,30,83.7,28.7,0.0966,"Low","Middle",3965,"Low",55,53.8,"Low GDP",1821,"Not member",3.9183373,3.3288,"",6968512,7.2,"4.4-16.4 mil","Moderate (1-29m)","Yes","","Presidential democ","S. America",NA,"Roman Catholic",4.5,55.5002,46.96,"",50.69,5.5,23.4,1955,"After 1944",40.76365,38.640321
"Hungary","Soviet Union",45.543249,1.31,63,"Approx 60%","Yes","",10,65.01182,"6-11 parties","EU Member state","Most free",12,0.1522,"Low",76.8,51,70,68.6,25.9,75,67.6,74.1,66.1,65,87.5,194,0.6481,"High","High",19330,"Medium",24.4,26.9,"High GDP",1991,"OECD Member state",15.354236,14.67911,"Low post-mat",10128000,10,"4.4-16.4 mil","Moderate (1-29m)","No","Low","Parliamentary democ","C&E Europe",NA,"Roman Catholic",52.5,65.4226,66.7,"20-50%",41.08,9.1,11.1,1953,"After 1944",16.32595,15.46747
"Iceland","none",63.628568,1.99,100,"100%","Yes","6 or more members",NA,93.380615,"4-5 parties","Not member","Most free",12,0.0798,"Low",93,89,60,75.4,45.8,65,60.8,69.9,73.7,90,87.9,11.7,2.9749,"High","High",36775,"High",NA,NA,"High GDP",1944,"OECD Member state",11.841499,11.88322,"High post-mat",289000,0.3,"<=4.3 mil","Small (under 1m)","Yes","High","","Scandinavia",NA,"Protestant",70.699997,92.9354,92.88,"<20%",84.65,30.2,42.9,1915,"1944 or before",22.45851,21.707451
"India","UK",62.205316,1.68,58.3,"Approx 60%","Yes","single member",50,43.498818,"6-11 parties","Not member","5.5",9,0.41819999,"Medium",36.3,34,40,73.4,76.1,35,57.7,67.5,53.8,50,67.9,3400,0.0487,"Low","Low",2972,"",32.5,36.8,"Low GDP",1947,"Not member",5.3461955,5.072942,"Low post-mat",1.064e+09,1100,">=16.8 mil","Large (30m+)","No","Moderate","Parliamentary democ","Asia-Pacific",NA,"eastern",5.4000001,28.3086,28.98,">50%",60.57,8.3,10.7,1950,"After 1944",32.3974,31.630619
"Indonesia","Netherlands",50.531385,0.87,58.3,"Approx 60%","Yes","6 or more members",1,33.333333,"4-5 parties","Not member","4.5",9,0.73509997,"High",53.1,26,40,81.9,89.1,35,50.8,70.8,55.5,30,77.9,907.3,0.0817,"Low","Low",3975,"",34.3,34.3,"Low GDP",1945,"Not member",5.6182929,4.880493,"",214700000,228.2,">=16.8 mil","Large (30m+)","Yes","","Presidential democ","Asia-Pacific",NA,"Muslim",2.5999999,44.1016,49.22,">50%",87.6,11.3,18.2,1945,"After 1944",29.7302,27.985539
"Iran","none",57.685353,NA,10.5,"10%","No","single member",3,35.697399,"","Not member","2",2,0.66839999,"High",69.9,23,10,81.1,79.6,NA,55.1,54.7,43.4,10,50.2,839.4,0.1652,"Low","Middle",11666,"Low",43,43,"Low GDP",1979,"Not member",4.513873,4.723206,"Moderate post-mat",66392020,72,">=16.8 mil","Large (30m+)","No","Low","Dictatorship","Middle East",NA,"Muslim",NA,66.107,67.42,">50%",NA,NA,2.8,1963,"After 1944",29.48522,27.688294
"Iraq","UK",NA,NA,10.5,"10%","No",">1 to 5 members",76,7.8014188,"","Not member","2",2,0.3689,"Medium",NA,NA,NA,NA,NA,NA,NA,NA,NA,NA,NA,105.7,NA,"","",3570,"",NA,NA,"",1932,"Not member",NA,3.05429,"",24699540,29.6,">=16.8 mil","Moderate (1-29m)","Yes","","Dictatorship","Middle East",NA,"Muslim",NA,67.518,66.84,"",NA,NA,25.5,1980,"After 1944",39.39468,NA
"Ireland","UK",68.497642,1.39,100,"100%","Yes",">1 to 5 members",79,84.869976,"1-3 parties","EU Member state","Most free",12,0.1206,"Low",92.8,77,80,71.1,61.8,95,79,79,81.3,90,87.5,197.1,3.0982,"High","High",44200,"High",35.9,34.3,"High GDP",1921,"OECD Member state",10.918065,11.16556,"Moderate post-mat",3994000,4.5,"4.4-16.4 mil","Moderate (1-29m)","Yes","Moderate","Parliamentary democ","W. Europe",NA,"Roman Catholic",36,59.8436,60.8,"20-50%",68.89,13.3,13.3,1918,"1944 or before",21.313,20.102016
"Israel","UK",NA,1.26,10.5,"10%","Yes","6 or more members",52,70.685579,"6-11 parties","Not member","6",11,0.3436,"Medium",66.4,60,70,58.4,35.4,85,65.4,78.2,67.7,70,87.8,201.3,1.5792,"High","High",27548,"High",35.5,39.2,"High GDP",1948,"Not member",10.135785,9.681108,"",6688000,7.3,"4.4-16.4 mil","Moderate (1-29m)","Yes","","Parliamentary democ","Middle East",NA,"Jewish",23.1,92.0664,91.62,"",71.16,15,17.5,1948,"After 1944",27.35537,27.680755
"Italy","none",37.01657,1.57,100,"100%","Yes","",52,68.085107,"6-11 parties","EU Member state","Most free",11,0.1145,"Low",77.9,48,60,55.2,31.2,75,58.2,79,62.7,55,87.5,1800,2.0528,"High","High",30756,"Medium",36,36,"High GDP",1861,"OECD Member state",20.222227,18.99739,"High post-mat",57646270,59.9,">=16.8 mil","Large (30m+)","No","High","Parliamentary democ","W. Europe",NA,"Roman Catholic",30.6,67.4268,67.76,"20-50%",79.13,11.5,21.3,1945,"After 1944",14.02405,13.965276
"Jamaica","UK",NA,NA,87.5,"Approx 90%","Yes","single member",41,44.917258,"1-3 parties","Not member","5.5",9,0.4129,"Medium",87,31,60,74.8,61.8,85,70,68.4,65.5,45,72.2,20.7,0.3008,"High","Middle",7705,"",37.9,45.5,"High GDP",1962,"Not member",7.567332,6.879741,"",2642628,2.7,"<=4.3 mil","Moderate (1-29m)","No","","Parliamentary democ","S. America",NA,"other",NA,57.5672,53.42,"",49.56,11.7,13.3,1944,"1944 or before",29.65732,30.739685
"Japan","none",37.03376,NA,58.3,"Approx 60%","Yes","6 or more members",48,71.867614,"6-11 parties","Not member","6.5",11,0.0119,"Low",84.5,73,50,67.2,61.1,60,82.4,88.8,72.9,80,82.4,4400,3.1407,"High","High",34099,"Medium",24.9,24.9,"High GDP",NA,"OECD Member state",20.231812,18.55218,"Moderate post-mat",127600000,127.7,">=16.8 mil","Large (30m+)","No","Moderate","Parliamentary democ","Asia-Pacific",NA,"eastern",18.6,79.2402,66,"<20%",66.62,7.1,11.3,1945,"After 1944",14.20272,13.933657
"Jordan","UK",73.628692,NA,10.5,"10%","No",">1 to 5 members",11,55.082743,"","Not member","3.5",4,0.59259999,"Medium",65.6,51,60,83,55.1,65,74.2,73.2,66.1,55,78.8,31.2,0.1799,"Low","Middle",5283,"",36.4,38.8,"Low GDP",1946,"Not member",3.2986696,3.173193,"Moderate post-mat",5307895,5.9,"4.4-16.4 mil","Moderate (1-29m)","No","Low","Dictatorship","Middle East",NA,"Muslim",NA,79.0822,82.62,">50%",NA,NA,6.4,1974,"After 1944",37.43749,36.745192
"Kazakhstan","Soviet Union",NA,1.85,63,"Approx 60%","No","single member",9,27.659574,"","Not member","2.5",3,0.6171,"High",73.5,22,50,87.9,82.1,30,83.1,65.6,61,30,85.9,177.4,0.1656,"Low","Middle",11315,"",31.3,33.9,"Low GDP",1991,"Not member",8.5901516,8.06402,"",14878100,15.7,"4.4-16.4 mil","Moderate (1-29m)","No","","Dictatorship","C&E Europe",NA,"Muslim",NA,55.8959,57.56,"",NA,NA,15.9,1924,"1944 or before",24.5069,22.553977
"Kenya","UK",NA,0.95,40.8,"Approx 40%","Yes","single member",3,26.477541,"4-5 parties","Not member","5",7,0.85879999,"High",63.4,21,50,78.1,83.1,45,63.7,72.7,57.5,30,67.9,61.3,0.0393,"Low","Low",1590,"",44.5,42.5,"Low GDP",1963,"Not member",2.7932226,2.67311,"",31915850,38.5,">=16.8 mil","Moderate (1-29m)","No","","Presidential democ","Africa",NA,"other",16.9,36.3054,21,"",NA,7.1,9.8,1919,"1944 or before",42.11076,42.766939
"Kiribati","UK",NA,NA,58.3,"Approx 60%","Yes","single member",NA,47.990544,"1-3 parties","Not member","Most free",12,0.0511,"Low",65.6,31,30,42.2,NA,25,86.1,71.9,43.7,30,55.4,0.2,0.0562,"Low","Low",2484,"",NA,NA,"Low GDP",1979,"Not member",NA,2.154283,"",96377.02,0.1,"<=4.3 mil","Small (under 1m)","No","","Parliamentary democ","Asia-Pacific",NA,"Roman Catholic",NA,39.5028,48.22,"",42.53,4.8,4.3,NA,"",38.31731,NA
"Korea North","Other",NA,NA,58.3,"Approx 60%","No","single member",52,4.4917264,"","Not member","Least free",0,0.0392,"Low",NA,5,NA,NA,NA,NA,NA,NA,1,5,NA,26.2,NA,"","",NA,"",NA,NA,"",1945,"Not member",7.0815103,6.642968,"",22612280,23.9,">=16.8 mil","Small (under 1m)","No","","Dictatorship","Asia-Pacific",NA,"eastern",NA,61.1268,61.96,"",NA,NA,15.6,NA,"",25.67724,24.544707
"Korea South","Other",48.524582,NA,58.3,"Approx 60%","Yes","",12,66.430259,"1-3 parties","Not member","6.5",11,0.002,"Low",91.9,56,70,71.1,74.9,70,47.1,77.4,69.9,70,70.8,1400,1.0006,"High","High",27939,"Low",31.6,31.6,"High GDP",1945,"OECD Member state",9.8272127,7.560453,"Moderate post-mat",47911730,48.6,">=16.8 mil","Large (30m+)","No","High","Presidential democ","Asia-Pacific",NA,"eastern",9,83.5356,81.02,"20-50%",46.59,13,13.7,1948,"After 1944",20.70695,18.063269
"Kuwait","UK",NA,NA,10.5,"10%","No","single member",8,50.35461,"","Not member","3.5",6,0.66039997,"High",65.8,43,50,99.9,76.6,55,88,66.4,67.7,50,82.5,137.4,1.5193,"High","High",39914,"",NA,NA,"High GDP",1961,"Not member",1.8638176,1.866523,"",2396417,3.4,"<=4.3 mil","Moderate (1-29m)","No","","Dictatorship","Middle East",NA,"Muslim",NA,96.2436,98.32,"",NA,NA,7.7,NA,"",24.78884,24.185619
"Kyrgyzstan","Soviet Union",NA,1.24,63,"Approx 60%","No","single member",9,27.423168,"","Not member","2.5",5,0.67519999,"High",76.6,18,50,92.9,80.2,50,82.6,62.2,61.3,25,75.9,11.5,0.032,"Low","Low",2188,"",29,30.3,"Low GDP",1991,"Not member",6.0413674,6.13703,"",5052000,5.3,"4.4-16.4 mil","Moderate (1-29m)","No","","Dictatorship","C&E Europe",NA,"Muslim",NA,34.38517,35.96,"",NA,NA,25.6,1918,"1944 or before",31.6775,30.850502
"Laos","France",NA,NA,58.3,"Approx 60%","No",">1 to 5 members",25,27.659574,"","Not member","1.5",1,0.51389998,"Medium",59.4,20,20,80.1,90.3,25,58.9,73.5,51.1,15,68.4,13.2,0.0304,"Low","Low",2134,"",37,34.6,"Low GDP",1949,"Not member",3.6348227,3.499007,"",5659834,6.2,"4.4-16.4 mil","Moderate (1-29m)","No","","Dictatorship","Asia-Pacific",NA,"eastern",NA,20.6786,21,"",NA,NA,25.2,1958,"After 1944",41.80173,40.464892
"Latvia","Soviet Union",39.220066,1.53,63,"Approx 60%","Yes","6 or more members",9,62.411348,"6-11 parties","EU Member state","6.5",11,0.58670002,"Medium",72.9,50,50,82.7,57.4,80,59.1,67,66.2,55,87.5,38.7,0.3595,"High","Middle",17100,"Medium",32.4,37.7,"High GDP",1991,"Not member",17.188747,15.5454,"Moderate post-mat",2321000,2.3,"<=4.3 mil","Moderate (1-29m)","Yes","High","Parliamentary democ","C&E Europe",NA,"Protestant",NA,60.44502,67.88,"<20%",50.18,21,20,1918,"1944 or before",15.1157,14.238109
"Lebanon","France",NA,NA,10.5,"10%","No","6 or more members",0,36.879433,"","Not member","2.5",5,0.1314,"Low",56.6,30,60,91.6,62.8,55,57,71.4,59.5,30,80.5,47.9,0.3894,"High","High",11570,"",NA,NA,"High GDP",1943,"Not member",7.3845906,5.893704,"",4497669,4.1,"<=4.3 mil","Moderate (1-29m)","No","","Dictatorship","Middle East",NA,"Muslim",NA,90.621,86.72,"",NA,NA,3.1,1952,"After 1944",30.28202,28.201869
"Lesotho","UK",NA,NA,40.8,"Approx 40%","Yes","single member",0,40.425532,"1-3 parties","Not member","5.5",9,0.255,"Low",62,32,40,52,30,25,66.1,70.3,48.1,40,63.5,3.2,0.0402,"Low","Low",1588,"",63.2,63.2,"Low GDP",1966,"Not member",5.3080744,5.131387,"",1792744,2,"<=4.3 mil","Moderate (1-29m)","No","","Parliamentary democ","Africa",NA,"Roman Catholic",NA,30.3234,18.98,"",38.63,11.7,25,1965,"After 1944",41.42424,38.233438
"Liberia","UK",NA,NA,40.8,"Approx 40%","No","",3,10.874705,"","Not member","3.5",7,0.9084,"High",52.8,24,20,67.8,82.3,20,51.3,65.4,46.2,25,53.8,1.5,0.0171,"Low","Low",388,"",NA,NA,"Low GDP",1847,"Not member",2.2174869,2.755366,"",3373542,3.8,"<=4.3 mil","Moderate (1-29m)","No","","Dictatorship","Africa",NA,"Protestant",NA,46.6968,58.78,"",NA,NA,12.5,1946,"After 1944",44.13017,47.198511
"Libya","Other",NA,NA,10.5,"10%","No","",49,26.004728,"","Not member","Least free",0,0.792,"High",20,26,20,81.7,62.8,10,20,66.4,40.2,10,85,96.7,0.3512,"High","Middle",15402,"",NA,NA,"High GDP",1951,"Not member",4.20729,3.698622,"",5559289,6.3,"4.4-16.4 mil","Moderate (1-29m)","No","","Dictatorship","Middle East",NA,"Muslim",NA,88.4566,85.1,"",NA,NA,7.7,1964,"After 1944",32.5291,29.838115
"Liechtenstein","none",NA,NA,100,"100%","Yes","",NA,85.106383,"","Not member","Most free",12,0.57260001,"Medium",NA,NA,NA,NA,NA,NA,NA,NA,NA,NA,NA,4.2,NA,"","",118040,"",NA,NA,"",1719,"Not member",NA,NA,"",33000,0,"<=4.3 mil","Small (under 1m)","Yes","","Parliamentary democ","W. Europe",NA,"Roman Catholic",NA,21.9454,14.56,"",57.62,12,24,1984,"After 1944",NA,NA
"Lithuania","Soviet Union",48.126086,1.73,63,"Approx 60%","Yes","",9,60.992908,"4-5 parties","EU Member state","6",12,0.32229999,"Medium",82,46,80,84.6,63.5,75,58.5,70.8,70.3,55,87.5,63.2,0.3977,"High","High",18824,"Medium",31.9,36,"High GDP",1990,"Not member",15.712788,14.1846,"Low post-mat",3454000,3.4,"<=4.3 mil","Moderate (1-29m)","No","High","","C&E Europe",NA,"Roman Catholic",NA,68.93341,66.56,"<20%",46.15,22,17.7,1921,"1944 or before",17.6549,16.116834
"Luxembourg","Netherlands",NA,1.16,100,"100%","Yes","6 or more members",NA,96.926717,"4-5 parties","EU Member state","Most free",12,0.5302,"Medium",75.1,83,80,65.9,58.5,95,40.4,78.9,75.4,90,87.5,38.3,4.7354,"High","High",78599,"",30.8,31,"High GDP",1839,"OECD Member state",13.797908,14.92056,"",448000,0.5,"<=4.3 mil","Small (under 1m)","Yes","","Parliamentary democ","W. Europe",NA,"Roman Catholic",39.5,92.499,82.68,"<20%",56.5,23.3,20,1919,"1944 or before",18.9491,18.813881
"Macedonia","Soviet Union",12.330052,NA,63,"Approx 60%","Yes","single member",9,37.352246,"","Not member","5",8,NA,"",65.2,36,60,89.3,65.9,60,83.1,79,65.7,35,83.3,20.5,0.186,"Low","Middle",10041,"Medium",28.2,39,"Low GDP",1991,"Not member",11.241958,10.6559,"Low post-mat",2049000,2,"<=4.3 mil","Moderate (1-29m)","Yes","Low","Parliamentary democ","C&E Europe",NA,"Orthodox",NA,59.5634,69.58,"20-50%",NA,NA,28.3,1946,"After 1944",21.50095,19.125077
"Madagascar","France",NA,NA,40.8,"Approx 40%","Yes",">1 to 5 members",2,37.588653,"4-5 parties","Not member","5",7,0.50230002,"Medium",71.9,34,50,87.3,88.8,60,46.9,75.4,63.2,45,73.2,20,0.0268,"Low","Low",1049,"",47.5,47.5,"Low GDP",1960,"Not member",3.1414886,3.027374,"",16893900,19.1,">=16.8 mil","Moderate (1-29m)","No","","","Africa",NA,"other",NA,31.434,27.08,"",NA,6.9,NA,1959,"After 1944",44.04921,43.785372
"Malawi","UK",NA,NA,40.8,"Approx 40%","Yes","single member",6,30.496454,"1-3 parties","Not member","4",6,0.87910002,"High",44.8,28,50,78.9,45.8,50,59.3,71,54.1,45,68.6,11.9,0.0177,"Low","Low",837,"",50.3,39,"Low GDP",1964,"Not member",3.0181245,3.371172,"",10962010,14.3,"4.4-16.4 mil","Moderate (1-29m)","No","","Presidential democ","Africa",NA,"other",NA,15.8698,17.66,"",NA,14,20.8,1961,"After 1944",44.86993,47.33292
"Malaysia","UK",NA,1,58.3,"Approx 60%","No","single member",29,68.321513,"","Not member","4",6,0.67439997,"High",69.9,51,50,84.3,81.3,30,71.4,76.7,64.8,55,78.7,383.7,0.3905,"High","High",14215,"Medium",49.2,49.2,"High GDP",1957,"Not member",4.684943,4.414197,"",24774250,27,">=16.8 mil","Moderate (1-29m)","No","","Dictatorship","Asia-Pacific",NA,"Muslim",NA,59.441,68.2,"",NA,NA,10.8,1957,"After 1944",33.02149,31.911766
"Maldives","UK",NA,NA,58.3,"Approx 60%","No","single member",NA,65.01182,"","Not member","2.5",6,0.588,"Medium",82.3,28,30,95.5,NA,35,75.3,69.7,49,30,44.5,1.7,0.2182,"High","Middle",5504,"",NA,NA,"High GDP",1965,"Not member",3.4401501,3.987772,"",293080,0.3,"<=4.3 mil","Small (under 1m)","No","","Dictatorship","Asia-Pacific",NA,"Muslim",NA,28.9258,30.1,"",NA,NA,6.5,1932,"1944 or before",39.18369,40.11809
"Mali","France",NA,NA,40.8,"Approx 40%","Yes","single member",8,26.713949,"1-3 parties","Not member","6",9,0.69059998,"High",47.5,31,40,60.2,81.1,50,67.9,73.8,55.6,35,69.6,14.3,0.0296,"Low","Low",1128,"",50.5,40.1,"Low GDP",1960,"Not member",2.6730409,2.780652,"",11651500,12.7,"4.4-16.4 mil","Moderate (1-29m)","No","","","Africa",NA,"Muslim",13.7,32.2736,31.06,"",38.96,10.2,10.2,1956,"After 1944",47.15479,48.172574
"Malta","UK",NA,NA,100,"100%","Yes","",NA,73.995271,"1-3 parties","EU Member state","Most free",12,0.0414,"Low",70,58,60,62.5,45.6,70,60,78.1,67.2,80,87.5,9.8,0.9748,"High","High",23760,"Low",NA,NA,"High GDP",1964,"Not member",13.757548,12.61414,"",399000,0.4,"<=4.3 mil","Small (under 1m)","Yes","","Parliamentary democ","W. Europe",NA,"Roman Catholic",57.900002,91.6412,95.54,">50%",98.39,9.2,8.7,1947,"After 1944",19.42047,17.168182
"Marshall Islands","none",NA,NA,58.3,"Approx 60%","Yes","single member",NA,36.879433,"","Not member","Most free",12,0.0603,"Low",NA,NA,NA,NA,NA,NA,NA,NA,NA,NA,NA,NA,0.1996,"High","Middle",NA,"",NA,NA,"High GDP",1986,"Not member",NA,NA,"",52500,NA,"","Small (under 1m)","No","","Presidential democ","Asia-Pacific",NA,"Protestant",NA,66.366,66.92,"",54.63,3,3,NA,"",NA,NA
"Mauritania","France",NA,NA,40.8,"Approx 40%","No","single member",38,42.789598,"","Not member","2.5",3,0.61500001,"High",48.3,28,40,75.1,73.4,30,52.5,78,52,25,69.9,6.2,0.0348,"Low","Low",2052,"",39,39,"Low GDP",1960,"Not member",3.3954873,3.129493,"",2847869,3,"<=4.3 mil","Moderate (1-29m)","No","","Dictatorship","Africa",NA,"Muslim",2.7,61.685,40.6,"",NA,NA,22.1,1961,"After 1944",42.57043,42.992574
"Mauritius","UK",NA,1.16,40.8,"Approx 40%","Yes",">1 to 5 members",32,59.101654,"4-5 parties","Not member","Most free",11,0.46340001,"Medium",82.2,55,70,92.5,83.4,85,78.5,71.2,76.3,60,85.6,15.3,0.374,"High","Middle",12079,"",NA,NA,"High GDP",1968,"Not member",6.6830264,6.358354,"",1222188,1.3,"<=4.3 mil","Moderate (1-29m)","No","","Parliamentary democ","Africa",NA,"Hindu",25.9,42.2664,42.48,"",79.57,5.7,17.1,1956,"After 1944",24.99705,24.242871
"Mexico","Spain",26.040388,2.04,100,"100%","Yes","",3,50.118203,"1-3 parties","Not member","6",9,0.54180002,"Medium",83,36,60,83.5,85.2,65,61.9,76.3,68.3,50,82,1500,0.632,"High","High",14495,"Medium",54.6,46.1,"High GDP",1810,"OECD Member state",5.4839475,5.155612,"High post-mat",102300000,106.4,">=16.8 mil","Large (30m+)","No","Moderate","Presidential democ","N. America",NA,"Roman Catholic",31,75.0132,76.26,">50%",63.62,22.6,28.2,1947,"After 1944",32.33228,30.384079
"Micronesia, Fed Stat","none",NA,NA,58.3,"Approx 60%","Yes","single member",NA,39.716312,"","Not member","Most free",12,0.70050001,"High",59.1,30,30,97.5,NA,20,81.8,76.7,50.6,30,81,0.3,0.1902,"High","Middle",2830,"",NA,NA,"High GDP",1986,"Not member",3.3067736,3.766961,"",124559.8,0.1,"<=4.3 mil","Small (under 1m)","No","","Presidential democ","Asia-Pacific",NA,"Roman Catholic",NA,29.348,22.38,"",82.38,0,0,1979,"After 1944",36.41337,38.94025
"Moldova","Soviet Union",42.191709,1.66,63,"Approx 60%","Yes","single member",9,31.678487,"4-5 parties","Not member","4.5",6,0.5535,"Medium",70.2,29,50,85.1,43,30,42.7,67.5,53.7,40,79.9,10.6,0.0382,"Low","Low",2925,"Low",36.2,33.2,"Low GDP",1991,"Not member",10.158327,11.0788,"Low post-mat",4237600,3.6,"<=4.3 mil","Moderate (1-29m)","Yes","Low","","C&E Europe",NA,"Orthodox",NA,41.89397,46.96,"20-50%",NA,15.8,NA,1978,"After 1944",20.3508,17.601988
"Monaco","none",NA,NA,100,"100%",NA,"single member",NA,NA,"","Not member","6.5",11,0.68379998,"High",NA,NA,NA,NA,NA,NA,NA,NA,NA,NA,NA,NA,NA,"","",NA,"",NA,NA,"",1419,"Not member",NA,NA,"",33000,NA,"","Small (under 1m)","No","","","W. Europe",NA,"Roman Catholic",NA,100,100,"",18.29,NA,25,NA,"",NA,NA
"Mongolia","Other",NA,1.55,58.3,"Approx 60%","Yes","single member",8,42.316785,"1-3 parties","Not member","6",10,0.3682,"Medium",69,30,60,81.9,56.7,50,75.9,66.5,60,30,79.8,9.4,0.0457,"Low","Low",3566,"Low",44,32.8,"Low GDP",1921,"Not member",3.7985377,4.080121,"",2479568,2.6,"<=4.3 mil","Moderate (1-29m)","No","","","Asia-Pacific",NA,"eastern",NA,56.8234,56.86,"",60.47,6.8,4,1924,"1944 or before",31.70247,29.778214
"Morocco","France",NA,NA,10.5,"10%","No","single member",35,48.22695,"","Not member","3.5",5,0.48410001,"Medium",76.1,35,60,68.5,81.5,60,21.7,78.4,59.2,40,71.2,137,0.1218,"Low","Middle",4388,"",39.5,39.5,"Low GDP",1956,"Not member",4.8285039,4.36963,"",30112640,31.2,">=16.8 mil","Moderate (1-29m)","Yes","","Dictatorship","Middle East",NA,"Muslim",4.8000002,57.4154,59.34,">50%",NA,NA,10.5,1963,"After 1944",32.93575,30.73101
"Mozambique","Portugal",NA,NA,40.8,"Approx 40%","No","6 or more members",6,36.879433,"","Not member","4.5",8,0.69319999,"High",58.7,26,50,77.6,76.1,50,42,74.9,56,30,74.5,18.6,0.0195,"Low","Low",855,"",39.6,47.3,"Low GDP",1975,"Not member",3.3684067,3.626498,"",18791420,21.8,">=16.8 mil","Moderate (1-29m)","Yes","","Dictatorship","Africa",NA,"other",NA,35.6152,35.28,"",35.56,NA,34.8,1975,"After 1944",42.27227,43.834803
"Myanmar (Burma)","UK",NA,NA,58.3,"Approx 60%","No","single member",37,16.075651,"","Not member","Least free",0,0.50620002,"Medium",20,13,10,81.9,98.4,NA,20,46.5,36.7,5,72.3,NA,NA,"","",NA,"",NA,NA,"",1948,"Not member",5.0200036,4.506179,"",49362500,NA,"","Large (30m+)","No","","Dictatorship","Asia-Pacific",NA,"eastern",NA,29.1942,31.26,"",NA,NA,NA,1935,"1944 or before",31.93907,28.766032
"Namibia","Other",NA,NA,40.8,"Approx 40%","Yes","",10,50.827423,"1-3 parties","Not member","5.5",10,0.6329,"High",73.3,45,40,68.3,69.5,50,87.2,71,62.2,30,87.8,13.4,0.1463,"Low","Middle",6343,"Medium",70.7,74.3,"Low GDP",1990,"Not member",3.5496114,3.821632,"",2014546,2.1,"<=4.3 mil","Moderate (1-29m)","Yes","","Presidential democ","Africa",NA,"Protestant",22,32.4216,35.68,"",80.23,25,26.9,1989,"After 1944",41.85154,40.788128
"Nauru","UK",NA,NA,58.3,"Approx 60%","Yes","single member",NA,NA,"","Not member","Most free",12,0.58319998,"Medium",NA,NA,NA,NA,NA,NA,NA,NA,NA,NA,NA,NA,NA,"","",NA,"",NA,NA,"",1968,"Not member",NA,NA,"",NA,NA,"","Small (under 1m)","No","","Parliamentary democ","Asia-Pacific",NA,"Protestant",NA,NA,NA,"",60.59,0,0,NA,"",NA,NA
"Nepal","none",NA,NA,58.3,"Approx 60%","Yes","single member",10,34.515367,"1-3 parties","Not member","3",6,0.66320002,"High",59.4,27,30,86.6,92.3,15,44.7,77.8,52.7,35,58.8,31.8,0.023,"Low","Low",1112,"",36.7,47.2,"Low GDP",1768,"Not member",3.6968822,3.820335,"",24659960,28.6,">=16.8 mil","Moderate (1-29m)","No","","Parliamentary democ","Asia-Pacific",NA,"Hindu",NA,12.9092,16.28,"",NA,5.9,33.2,1951,"After 1944",40.08622,38.520506
"Netherlands","Spain",58.481013,1.09,100,"100%","Yes","6 or more members",54,97.163123,"6-11 parties","EU Member state","Most free",12,0.1054,"Low",82.6,89,80,52,38.4,90,59.1,81,75,90,87.5,671.7,2.5886,"High","High",40849,"High",32.6,30.9,"High GDP",1579,"OECD Member state",14.236772,13.96159,"High post-mat",16221800,16.4,"4.4-16.4 mil","Moderate (1-29m)","Yes","High","Parliamentary democ","W. Europe",NA,"Protestant",21.799999,89.7974,80.74,"<20%",77.48,36.7,41.3,1919,"1944 or before",18.34443,18.052283
"New Zealand","UK",38.105963,NA,58.3,"Approx 60%","Yes","",123,93.144209,"6-11 parties","Not member","Most free",12,0.3969,"Medium",99.9,93,80,63.6,51.3,80,88.8,83.1,82.1,95,86,115.4,1.4872,"High","High",27029,"High",36.2,36.2,"High GDP",1907,"OECD Member state",12.412472,11.67669,"High post-mat",4009200,4.3,"<=4.3 mil","Moderate (1-29m)","No","High","Parliamentary democ","Asia-Pacific",NA,"Protestant",23.200001,86.1252,86.32,"<20%",77.84,28.3,33.6,1893,"1944 or before",21.91828,21.044717
"Nicaragua","Spain",NA,1.74,87.5,"Approx 90%","Yes",">1 to 5 members",10,26.004728,"1-3 parties","Not member","5",7,0.4844,"Medium",55.7,25,50,78.4,78.5,55,68.3,64.1,58.3,25,82.8,15.2,0.0749,"Low","Low",2682,"",55.1,43.1,"Low GDP",1821,"Not member",3.3477857,3.062421,"",5480000,5.7,"4.4-16.4 mil","Moderate (1-29m)","Yes","","Presidential democ","S. America",NA,"Roman Catholic",23.4,57.3054,59.38,"",NA,20.7,18.5,1955,"After 1944",40.92538,38.324779
"Niger","France",NA,NA,40.8,"Approx 40%","Yes","6 or more members",1,27.895981,"4-5 parties","Not member","5",7,0.65179998,"High",37.2,28,40,65.1,85.1,50,40.7,77.6,52.9,30,75.7,10,0.019,"Low","Low",684,"",50.5,50.5,"Low GDP",1958,"Not member",1.9510683,2.293208,"",11762250,14.7,"4.4-16.4 mil","Moderate (1-29m)","No","","","Africa",NA,"Muslim",NA,22.144,17,"",NA,12.4,12.4,1948,"After 1944",48.8595,49.034916
"Nigeria","UK",59.35817,NA,40.8,"Approx 40%","Yes","single member",1,20.094563,"1-3 parties","Not member","4",5,0.85049999,"High",53.2,27,40,84.4,64.7,40,85.7,75.4,56.8,30,67.2,315,0.0328,"Low","Low",2082,"",50.6,43.7,"Low GDP",1960,"Not member",3.0422173,2.640688,"Moderate post-mat",136500000,151.3,">=16.8 mil","Large (30m+)","No","Moderate","Presidential democ","Africa",NA,"Muslim",17.200001,46.5914,49,">50%",NA,4.7,7,1958,"After 1944",44.04892,44.010827
"Norway","none",66.453811,1.79,100,"100%","Yes","6 or more members",54,90.070923,"6-11 parties","Not member","Most free",12,0.0586,"Low",88.8,79,60,50.5,49.8,65,47.1,74.2,69.4,90,89.2,277.3,4.1974,"High","High",58138,"High",25.8,25.8,"High GDP",1905,"OECD Member state",15.036406,14.87521,"Moderate post-mat",4562000,4.8,"4.4-16.4 mil","Moderate (1-29m)","Yes","High","Parliamentary democ","Scandinavia",NA,"Protestant",51.700001,75.5492,77.5,"<20%",76.54,38.2,38.2,1907,"1944 or before",19.73542,19.380128
"Oman","Portugal",NA,NA,10.5,"10%","No","",43,62.884161,"","Not member","2.5",3,0.4373,"Medium",66.9,55,60,98.5,57.4,55,86.4,64.8,67.7,50,83.4,62,0.8002,"High","High",22478,"",NA,NA,"High GDP",1650,"Not member",2.6537338,2.777983,"",2598832,2.8,"<=4.3 mil","Moderate (1-29m)","No","","Dictatorship","Middle East",NA,"Muslim",NA,77.5674,71.54,"",NA,NA,0,NA,"",41.30116,34.035241
"Pakistan","UK",51.238722,NA,58.3,"Approx 60%","No","single member",1,34.751773,"","Not member","2.5",5,0.7098,"High",71.7,25,40,80.5,88.8,30,49.8,69.4,55.2,30,67,439,0.0408,"Low","Low",2644,"Low",33,30.6,"Low GDP",1947,"Not member",3.8718822,3.353055,"Low post-mat",148400000,166,">=16.8 mil","Large (30m+)","No","Low","Dictatorship","Asia-Pacific",NA,"Muslim",5.5,34.1204,35.32,">50%",NA,NA,22.5,1947,"After 1944",40.09712,37.716845
"Palau","none",NA,NA,58.3,"Approx 60%","Yes","single member",NA,NA,"","Not member","Most free",12,0.4312,"Medium",NA,NA,NA,NA,NA,NA,NA,NA,NA,NA,NA,NA,0.6495,"High","High",NA,"",NA,NA,"High GDP",1994,"Not member",NA,NA,"",20000,NA,"","Small (under 1m)","No","","Presidential democ","Asia-Pacific",NA,"Roman Catholic",NA,69.4934,69.7,"",42.6,0,0,1979,"After 1944",NA,NA
"Panama","Spain",NA,1.92,87.5,"Approx 90%","Yes",">1 to 5 members",11,43.262411,"6-11 parties","Not member","6.5",11,0.5528,"Medium",75.9,34,70,82.6,90,65,41.3,73.2,64.8,40,75.8,42.4,0.4182,"High","High",12504,"Medium",56.4,56.1,"High GDP",1903,"Not member",6.1103476,5.813733,"",2984022,3.4,"<=4.3 mil","Moderate (1-29m)","No","","Presidential democ","S. America",NA,"Roman Catholic",14.2,57.1896,71.6,"",79.66,16.7,8.5,1941,"1944 or before",29.98303,30.084063
"Papua New Guinea","Other",NA,NA,58.3,"Approx 60%","Yes","single member",25,28.132388,"6-11 parties","Not member","5",7,0.27180001,"Medium",59.1,20,30,65,63.3,35,83.3,72.6,53.5,20,86.2,14.2,0.0523,"Low","Low",2208,"",50.9,50.9,"Low GDP",1975,"Not member",2.4182071,2.492687,"",5501871,6.4,"4.4-16.4 mil","Moderate (1-29m)","No","","Parliamentary democ","Asia-Pacific",NA,"Protestant",NA,18.1752,13.52,"",NA,0.9,0.9,1964,"After 1944",40.86669,39.772643
"Paraguay","Spain",NA,1.3,87.5,"Approx 90%","No",">1 to 5 members",8,16.075651,"","Not member","5",8,0.1689,"Low",60.9,24,60,96.6,91.7,65,26.1,75.4,61.3,30,83.5,29.3,0.1,"Low","Middle",4709,"Low",56.8,58.4,"Low GDP",1811,"Not member",3.7959988,3.537781,"",5643097,6.2,"4.4-16.4 mil","Moderate (1-29m)","Yes","","Dictatorship","S. America",NA,"Roman Catholic",9.3000002,57.9624,59.1,"",49.86,NA,12.5,1961,"After 1944",38.41317,37.19617
"Peru","Spain",6.4949456,0.96,87.5,"Approx 90%","No","6 or more members",0,35.460993,"","Not member","5.5",9,0.6566,"High",65.8,36,60,79.5,92.3,70,66.1,81.6,67.6,40,85,245.3,0.2113,"High","Middle",8507,"Medium",49.8,52,"High GDP",1821,"Not member",5.3705576,4.864804,"Moderate post-mat",27148000,28.8,">=16.8 mil","Moderate (1-29m)","Yes","Low","Dictatorship","S. America",NA,"Roman Catholic",7.5,73.8546,72.82,">50%",84.09,NA,27.5,1955,"After 1944",32.98209,31.731003
"Philippines","Spain",63.30524,1.61,58.3,"Approx 60%","Yes","single member",13,45.153664,"4-5 parties","Not member","5.5",7,0.2385,"Low",48.1,23,50,78.8,91.2,40,51.9,72.7,56.3,30,77.8,317.1,0.0975,"Low","Middle",3510,"Medium",46.1,44.5,"Low GDP",1946,"Not member",3.967301,3.964473,"Moderate post-mat",81502620,90.3,">=16.8 mil","Large (30m+)","No","Low","Presidential democ","Asia-Pacific",NA,"Roman Catholic",22.799999,60.9686,63.44,">50%",NA,15.3,20.5,1937,"1944 or before",35.9964,34.608996
"Poland","Soviet Union",65.605741,1.39,63,"Approx 60%","Yes","6 or more members",9,60.992908,"4-5 parties","EU Member state","Most free",12,0.1183,"Low",62.2,46,60,74.9,46.8,60,61.5,78.1,63.2,55,87.5,671.9,0.4894,"High","High",17625,"Medium",31.6,34.5,"High GDP",1991,"OECD Member state",12.961149,12.47504,"Moderate post-mat",38196000,38.1,">=16.8 mil","Large (30m+)","Yes","Low","","C&E Europe",NA,"Roman Catholic",27,63.001,62.24,"20-50%",54.24,20.2,20.2,1918,"1944 or before",17.64226,15.905602
"Portugal","Portugal",37.364882,1.14,100,"100%","Yes","6 or more members",24,70.921985,"4-5 parties","EU Member state","Most free",12,0.0468,"Low",80.5,61,60,61,37.1,70,37,79.7,64.4,70,87.5,245.1,1.1948,"High","High",23074,"High",38.5,38.5,"High GDP",1143,"OECD Member state",17.220146,15.1583,"Moderate post-mat",10444000,10.6,"4.4-16.4 mil","Moderate (1-29m)","Yes","Moderate","","W. Europe",NA,"Roman Catholic",18.799999,68.0654,58.22,"20-50%",69.23,19.5,19.5,1931,"1944 or before",17.25202,15.8427
"Qatar","UK",NA,NA,10.5,"10%","No","",29,62.884161,"","Not member","2.5",3,0.74559999,"High",73.7,65,50,99.9,73.7,45,69.1,65.9,69,65,82.2,94.2,2.8634,"High","High",85868,"",NA,NA,"High GDP",1971,"Not member",1.3148095,3.055718,"",623703.1,1.1,"<=4.3 mil","Small (under 1m)","No","","Dictatorship","Middle East",NA,"Muslim",NA,93.291,95.48,"",NA,NA,0,NA,"",24.21284,21.601413
"Romania","Soviet Union",26.884683,1.55,63,"Approx 60%","Yes","6 or more members",4,38.770685,"6-11 parties","Not member","5.5",10,0.30689999,"Medium",72.5,38,50,85.8,59.8,75,60.4,73.3,64.2,40,87.5,302.6,0.2052,"High","Middle",14065,"Low",30.3,31,"High GDP",1991,"Not member",14.829325,13.89529,"Moderate post-mat",21744000,21.5,">=16.8 mil","Moderate (1-29m)","Yes","Low","","C&E Europe",NA,"Orthodox",40.700001,55.6514,53.88,"20-50%",62.26,11.4,11.4,1929,"1944 or before",16.64912,15.135512
"Russia","Soviet Union",41.145354,2.41,63,"Approx 60%","Yes","",0,37.115839,"6-11 parties","Not member","2.5",3,0.24519999,"Low",52.2,21,40,82.3,66.5,25,59.6,62.6,50.3,25,68.4,2300,0.2405,"High","Middle",16139,"Low",45.6,39.9,"High GDP",1991,"Not member",13.681752,13.2162,"Low post-mat",143400000,141.8,">=16.8 mil","Large (30m+)","No","Moderate","","C&E Europe",NA,"Orthodox",74.800003,72.89999,72.92,"<20%",NA,9.8,14,1918,"1944 or before",16.3396,15.065564
"Rwanda","Belgium",NA,NA,40.8,"Approx 40%","No","single member",6,27.186761,"","Not member","2.5",3,0.3238,"Medium",74.5,30,40,77.1,75.6,40,89.2,66.9,59.1,30,67.4,9.9,0.0212,"Low","Low",1022,"",28.9,46.8,"Low GDP",1962,"Not member",2.4830608,3.010653,"",8395000,9.7,"4.4-16.4 mil","Moderate (1-29m)","Yes","","Dictatorship","Africa",NA,"Roman Catholic",NA,6.5558,20.22,"",NA,NA,56.3,1961,"After 1944",45.71189,43.063312
"San Marino","none",NA,NA,100,"100%","Yes","",NA,NA,"","Not member","Most free",12,0.29269999,"Medium",NA,NA,NA,NA,NA,NA,NA,NA,NA,NA,NA,NA,NA,"","",NA,"",NA,NA,"",301,"Not member",NA,NA,"",28000,NA,"","Small (under 1m)","Yes","","Presidential democ","W. Europe",NA,"Roman Catholic",NA,90.6988,NA,"",98.06,16.7,15,NA,"",NA,NA
"Sao Tome","Portugal",NA,NA,40.8,"Approx 40%","Yes","",NA,31.442081,"1-3 parties","Not member","6",10,NA,"",43.5,27,30,87.1,52.5,45,47.6,59,48.8,30,66.6,0.3,0.0326,"Low","Low",1738,"",NA,NA,"Low GDP",1975,"Not member",4.1821794,6.41244,"",157400,0.2,"<=4.3 mil","Small (under 1m)","Yes","","","Africa",NA,"Roman Catholic",NA,49.02433,58.84,"",62.93,9.1,7.3,1975,"After 1944",38.6481,39.211914
"Saudi Arabia","UK",NA,NA,10.5,"10%","No","",74,45.390071,"","Not member","Least free",1,0.18000001,"Low",84.6,35,50,99.6,68.1,45,74.4,62.3,64.1,40,82.5,589.5,0.8612,"High","High",23920,"Low",NA,NA,"High GDP",1932,"Not member",2.9888787,2.876851,"",22528300,24.6,">=16.8 mil","Moderate (1-29m)","No","","Dictatorship","Middle East",NA,"Muslim",NA,87.5484,81.22,"",NA,NA,0,NA,"",40.23137,36.764244
"Senegal","France",NA,1.13,40.8,"Approx 40%","Yes",">1 to 5 members",0,42.316785,"1-3 parties","Not member","5.5",8,0.69389999,"High",63.1,34,40,64.7,77.8,35,41.9,75.2,54.6,45,69.7,21.6,0.0503,"Low","Low",1772,"",41.3,41.3,"Low GDP",1960,"Not member",3.1346293,2.689842,"",10239850,12.2,"4.4-16.4 mil","Moderate (1-29m)","No","","","Africa",NA,"Muslim",21.9,49.5716,41.86,"",27.59,19.2,22,1945,"After 1944",43.62214,42.199072
"Seychelles","UK",NA,NA,40.8,"Approx 40%","No","",NA,46.572104,"","Not member","5",8,0.2025,"Low",64.2,48,30,76.4,9.3,50,59.8,57.9,47.9,50,33.4,1.9,0.832,"High","High",21530,"",NA,NA,"High GDP",1976,"Not member",NA,6.916367,"",83639,0.1,"<=4.3 mil","Small (under 1m)","No","","Dictatorship","Africa",NA,"Roman Catholic",NA,66.0478,53.38,"",93.49,NA,23.5,1948,"After 1944",27.94558,NA
"Sierra Leone","UK",NA,NA,40.8,"Approx 40%","Yes","",0,10.165486,"6-11 parties","Not member","4.5",8,0.81910002,"High",54.6,19,20,80.9,80.5,40,39,71.7,47.9,10,62.8,4.3,0.015,"Low","Low",766,"",62.9,62.9,"Low GDP",1961,"Not member",3.3382799,2.592506,"",5336568,5.6,"4.4-16.4 mil","Moderate (1-29m)","Yes","","Presidential democ","Africa",NA,"Muslim",NA,38.693,41.44,"",68.98,14.5,13.2,1961,"After 1944",43.59764,42.857797
"Singapore","Other",NA,NA,58.3,"Approx 60%","No",">1 to 5 members",35,100,"","Not member","3.5",5,0.38569999,"Medium",98.2,92,50,90.7,95.3,75,98.9,80.9,86.1,90,90,238.5,2.0886,"High","High",49284,"High",42.5,42.5,"High GDP",1965,"Not member",8.7334048,7.61153,"",4250000,4.8,"4.4-16.4 mil","Moderate (1-29m)","No","","Dictatorship","Asia-Pacific",NA,"eastern",13.5,100,100,"",NA,NA,24.5,1947,"After 1944",20.71732,18.816825
"Slovakia","Soviet Union",25.269169,1.92,63,"Approx 60%","Yes","6 or more members",7,56.028369,"6-11 parties","EU Member state","Most free",12,0.25389999,"Low",72.6,50,70,84,64.5,70,65.1,78.2,69.7,55,87.5,119.4,0.4403,"High","High",22081,"High",25.8,25.8,"High GDP",1991,"OECD Member state",11.903649,11.4388,"Low post-mat",5390000,5.4,"4.4-16.4 mil","Moderate (1-29m)","Yes","Moderate","Parliamentary democ","C&E Europe",NA,"Roman Catholic",52.299999,58.02761,56.32,"20-50%",56.4,16.7,19.3,1920,"1944 or before",18.158,16.238641
"Slovenia","Soviet Union",39.855957,1.37,63,"Approx 60%","Yes","",9,65.957447,"","EU Member state","Most free",12,0.2216,"Low",83.3,67,50,64,46.1,70,43.5,76,64.7,60,87.5,56.3,1.1181,"High","High",27605,"Medium",28.4,28.4,"High GDP",1991,"Not member",15.73781,14.63787,"Moderate post-mat",1995000,2,"<=4.3 mil","Moderate (1-29m)","Yes","Low","Parliamentary democ","C&E Europe",NA,"Roman Catholic",NA,49.2154,51.18,"<20%",65.04,12.2,13.3,1945,"After 1944",14.98724,13.723971
"Solomon Islands","UK",NA,NA,58.3,"Approx 60%","Yes","single member",0,14.893616,"1-3 parties","Not member","5",7,0.111,"Low",63.2,29,30,67.9,NA,10,68.4,65.5,42.9,30,65.2,1.3,0.0541,"Low","Low",2610,"",NA,NA,"Low GDP",1978,"Not member",2.4577811,2.577592,"",456644.9,0.5,"<=4.3 mil","Small (under 1m)","No","","Parliamentary democ","Asia-Pacific",NA,"Protestant",NA,21.3816,17.32,"",NA,0,0,1974,"After 1944",44.69286,40.332237
"Somalia","UK",NA,NA,40.8,"Approx 40%","No","",0,-6.764e-07,"","Not member","1.5",0,0.81169999,"High",NA,NA,NA,NA,NA,NA,NA,NA,NA,NA,NA,NA,NA,"","",NA,"",NA,NA,"",1960,"Not member",2.6205625,2.407578,"",9625918,NA,"","Moderate (1-29m)","No","","Dictatorship","Africa",NA,"Muslim",NA,28.8854,35.66,"",NA,NA,6.1,1956,"After 1944",47.80405,44.197067
"South Africa","UK",66.400869,1.5,40.8,"Approx 40%","Yes","",6,58.865248,"4-5 parties","Not member","6.5",10,0.75169998,"High",73,49,60,69.1,76.8,45,59,70.2,62.8,50,76,492.2,0.2299,"High","Middle",10109,"",59.3,57.8,"High GDP",1910,"Not member",4.4004908,4.385146,"Low post-mat",45828700,48.7,">=16.8 mil","Large (30m+)","Yes","Moderate","Parliamentary democ","Africa",NA,"Protestant",21.799999,59.1972,59.78,">50%",56.77,32.8,44.5,1930,"1944 or before",31.98096,32.411609
"Spain","Spain",42.274258,1.74,100,"100%","Yes","6 or more members",22,82.742316,"1-3 parties","EU Member state","Most free",12,0.4165,"Medium",75.8,65,80,58.1,54.8,80,47.3,77.7,69.6,70,87.5,1500,1.5961,"High","High",31954,"High",32.5,34.7,"High GDP",1492,"OECD Member state",16.513846,17.05808,"High post-mat",41101430,45.6,">=16.8 mil","Large (30m+)","Yes","Moderate","Parliamentary democ","W. Europe",NA,"Roman Catholic",11.4,78.3026,76.84,"20-50%",77.2,36,36.3,1931,"1944 or before",14.97899,14.428628
"Sri Lanka","UK",NA,NA,58.3,"Approx 60%","Yes","6 or more members",52,47.281324,"1-3 parties","Not member","5",6,0.41499999,"Medium",71.8,32,40,73.5,83.9,15,70.7,56.8,54.6,40,62.2,91.9,0.0873,"Low","Middle",4560,"Low",34.4,40.2,"Low GDP",1948,"Not member",7.4224079,6.701286,"",19231760,20.2,">=16.8 mil","Moderate (1-29m)","Yes","","","Asia-Pacific",NA,"eastern",NA,23.7964,15.1,"",NA,4.9,5.8,1931,"1944 or before",25.10078,23.726459
"St. Kitts & Nevis","UK",NA,NA,87.5,"Approx 90%","Yes","single member",NA,45.153664,"","Not member","6.5",12,0.1842,"Low",NA,NA,NA,NA,NA,NA,NA,NA,NA,NA,NA,NA,0.7745,"High","High",NA,"",NA,NA,"High GDP",1983,"Not member",NA,11.75654,"",46710,NA,"","Small (under 1m)","No","","Parliamentary democ","S. America",NA,"other",NA,34.6776,32.24,"",91.42,0,6.7,1951,"After 1944",26.10038,NA
"St. Lucia","UK",NA,NA,87.5,"Approx 90%","Yes","single member",NA,45.153664,"1-3 parties","Not member","6.5",12,0.1769,"Low",88.4,71,40,73.2,71.4,55,84.2,80.1,70.5,70,71.9,1.7,0.4124,"High","High",9907,"",42.6,43,"High GDP",1979,"Not member",7.1499081,5.371432,"",160588,0.2,"<=4.3 mil","Small (under 1m)","No","","Parliamentary democ","S. America",NA,"Roman Catholic",NA,38.5528,27.68,"",74.45,11.1,11.1,1924,"1944 or before",30.58626,28.198611
"St. Vincent & Grenadine","UK",NA,NA,87.5,"Approx 90%","Yes","single member",NA,45.153664,"","Not member","6.5",11,0.3066,"Medium",79.9,65,40,72.5,64.1,55,77.6,71.3,66.9,70,73.3,1,0.3082,"High","Middle",9155,"",NA,NA,"High GDP",1979,"Not member",6.5546921,7.140111,"",109164,0.1,"<=4.3 mil","Small (under 1m)","No","","Parliamentary democ","S. America",NA,"Protestant",NA,58.1412,46.28,"",63.68,22.7,18.2,1951,"After 1944",25.71546,28.72232
"Sudan","UK",NA,NA,40.8,"Approx 40%","No","single member",11,20.330969,"","Not member","Least free",0,0.71469998,"High",NA,NA,NA,NA,NA,NA,NA,NA,NA,NA,NA,89,0.0412,"Low","Low",2153,"",NA,NA,"Low GDP",1956,"Not member",3.6576182,3.577188,"",33545730,41.3,">=16.8 mil","Moderate (1-29m)","No","","Dictatorship","Africa",NA,"Muslim",NA,38.8784,41.68,"",NA,NA,18.1,1964,"After 1944",39.51881,38.957333
"Suriname","Netherlands",NA,NA,87.5,"Approx 90%","Yes","",NA,42.789598,"6-11 parties","Not member","6.5",10,0.73320001,"High",41,36,30,66.9,77.8,15,84.5,67.8,52.5,40,66.4,3.9,0.2199,"High","Middle",7506,"",NA,NA,"High GDP",1975,"Not member",6.4480371,5.548843,"",438104,0.5,"<=4.3 mil","Small (under 1m)","Yes","","Presidential democ","S. America",NA,"Roman Catholic",NA,75.955,74.24,"",52.99,19.6,25.5,1948,"After 1944",28.67007,29.765226
"Swaziland","UK",NA,NA,40.8,"Approx 40%","No","single member",27,36.170213,"","Not member","2",2,0.0582,"Low",67.2,36,40,63.1,55.5,55,68.4,68.8,57.4,45,74.9,5.8,0.1091,"Low","Middle",4928,"Medium",60.9,50.4,"Low GDP",1968,"Not member",3.6539945,2.838841,"",1105525,1.2,"<=4.3 mil","Small (under 1m)","No","","Dictatorship","Africa",NA,"Protestant",19.1,27.3926,24.38,"",NA,NA,13.6,1968,"After 1944",42.0734,40.368994
"Sweden","none",56.53511,1.91,100,"100%","Yes","6 or more members",83,90.070923,"6-11 parties","EU Member state","Most free",12,0.06,"Low",95.5,93,80,36.7,17.3,85,54.9,79.5,72.4,95,87.5,344.7,2.6929,"High","High",37383,"High",25,25,"High GDP",1523,"OECD Member state",17.376116,17.5393,"High post-mat",8956000,9.2,"4.4-16.4 mil","Moderate (1-29m)","Yes","High","Parliamentary democ","Scandinavia",NA,"Protestant",77.199997,83.354,84.26,"<20%",80.6,45.3,47,1921,"1944 or before",17.46716,17.202047
"Switzerland","none",56.553995,2.26,100,"100%","Yes",">1 to 5 members",152,100,"6-11 parties","Not member","Most free",12,0.53140002,"Medium",81.2,90,80,68.2,68.9,80,81.8,81.3,81.1,90,90,324.6,3.6687,"High","High",42536,"High",33.1,33.7,"High GDP",1291,"OECD Member state",16.261758,15.63859,"High post-mat",7350000,7.6,"4.4-16.4 mil","Moderate (1-29m)","Yes","High","Presidential democ","W. Europe",NA,"Protestant",20,67.5406,75.56,"<20%",39.79,25,28.5,1971,"After 1944",16.59046,16.199161
"Syria","France",NA,NA,10.5,"10%","No","single member",37,33.096927,"","Not member","Least free",1,0.5399,"Medium",59.2,21,20,87,80.2,20,64.7,63.3,49.4,25,54,94.2,0.1224,"Low","Middle",4440,"",NA,NA,"Low GDP",1946,"Not member",3.1709157,3.147057,"",17384490,21.2,">=16.8 mil","Moderate (1-29m)","No","","Dictatorship","Middle East",NA,"Muslim",NA,52.5182,50.82,"",NA,NA,12.4,1949,"After 1944",38.1917,36.416544
"Taiwan","Other",49.19782,NA,58.3,"Approx 60%","Yes","",8,70.212766,"1-3 parties","Not member","6.5",11,0.2744,"Medium",83,57,50,75.9,90.5,65,47.7,79.3,70.4,70,85.8,711,NA,"","",30881,"",NA,NA,"",1991,"Not member",NA,NA,"Low post-mat",NA,23,">=16.8 mil","Moderate (1-29m)","No","Low","","Asia-Pacific",NA,"eastern",27.9,NA,NA,"<20%",56.8,NA,NA,NA,"",NA,NA
"Tajikistan","Soviet Union",NA,1.67,63,"Approx 60%","No","single member",2,17.494089,"","Not member","2.5",3,0.51069999,"Medium",57.4,20,40,88.9,78,25,54.4,58.4,53,25,82.5,13,0.0193,"Low","Low",1906,"",34.7,32.6,"Low GDP",1964,"Not member",3.8552807,4.64095,"",6304700,6.8,"4.4-16.4 mil","Moderate (1-29m)","No","","Dictatorship","C&E Europe",NA,"Muslim",NA,27.6108,24.6,"",NA,NA,17.5,1924,"1944 or before",36.5351,38.245198
"Tanzania","UK",78.852623,NA,40.8,"Approx 40%","No","single member",0,34.515367,"","Not member","4.5",7,0.7353,"High",45.5,30,50,80.3,82.6,65,58.4,70.8,58.3,30,70.5,53.7,0.0267,"Low","Low",1263,"",38.2,34.6,"Low GDP",1238,"Not member",3.2682783,2.435417,"",35888960,42.5,">=16.8 mil","Large (30m+)","No","","Dictatorship","Africa",NA,"Protestant",17.4,35.3622,24.64,">50%",NA,NA,30.4,1959,"After 1944",44.71354,42.268745
"Thailand","none",NA,1.52,58.3,"Approx 60%","Yes",">1 to 5 members",8,53.191489,"6-11 parties","Not member","5.5",5,0.63380003,"High",70.7,35,70,74.7,89.8,40,73.6,66.4,64.1,45,75.9,519,0.206,"High","Middle",7703,"Low",43.2,42,"High GDP",1960,"Not member",7.2420848,6.602335,"",62014220,67.4,">=16.8 mil","Large (30m+)","No","","Parliamentary democ","Asia-Pacific",NA,"eastern",3.0999999,20.4224,32.64,"",NA,7.2,11.7,1932,"1944 or before",22.8586,23.483012
"Togo","France",NA,NA,40.8,"Approx 40%","No","single member",7,18.912531,"","Not member","2.5",4,0.70990002,"High",36.8,27,30,56.2,86,25,43.3,74.5,47.1,30,62.8,5.4,0.0291,"Low","Low",829,"",NA,NA,"Low GDP",1970,"Not member",3.1365415,3.178499,"",4861493,6.5,"4.4-16.4 mil","Moderate (1-29m)","No","","Dictatorship","Africa",NA,"other",NA,35.0826,40.82,"",NA,NA,11.1,1945,"After 1944",43.22842,43.227508
"Tonga","UK",NA,NA,58.3,"Approx 60%","No","single member",NA,31.442081,"","Not member","4",6,0.0869,"Low",78.2,24,20,82.8,70.8,25,93.7,63.5,53.4,20,56.2,0.4,0.1347,"Low","Middle",3824,"",NA,NA,"Low GDP",1962,"Not member",6.0894312,8.429,"",101524.1,0.1,"<=4.3 mil","Small (under 1m)","No","","Dictatorship","Asia-Pacific",NA,"Protestant",NA,33.506,24.26,"",NA,NA,3.1,NA,"",33.767,35.474251
"Trinidad","UK",NA,0.81,87.5,"Approx 90%","Yes","single member",38,57.683215,"1-3 parties","Not member","5",10,0.64749998,"High",59,36,70,80.8,72.3,60,78,69.3,65.7,50,81.7,33.1,0.7384,"High","High",24748,"High",40.3,38.9,"High GDP",1956,"Not member",7.5407271,6.450912,"",1312664,1.3,"<=4.3 mil","Moderate (1-29m)","No","","Parliamentary democ","S. America",NA,"Roman Catholic",NA,75.2998,12.54,"",72.52,19.4,26.8,1946,"After 1944",23.72887,21.063145
"Tunisia","France",NA,NA,10.5,"10%","No",">1 to 5 members",13,61.938534,"","Not member","2.5",2,0.0394,"Low",80.2,44,30,74.4,78.5,35,67.4,76.5,58.9,50,53.5,82.6,0.2149,"High","Middle",7996,"",39.8,39.8,"High GDP",1923,"Not member",6.2971902,6.062299,"",9895201,10.3,"4.4-16.4 mil","Moderate (1-29m)","No","","Dictatorship","Middle East",NA,"Muslim",9.8000002,67.3904,65.68,"",NA,NA,22.8,1957,"After 1944",27.47598,25.231668
"Turkey","Ottoman",57.070574,NA,10.5,"10%","Yes","6 or more members",17,41.843972,"4-5 parties","Not member","5",8,0.31999999,"Medium",68.9,46,50,78.1,82.9,65,41.1,70,63.8,50,86.4,1000,0.2638,"High","Middle",13920,"Low",40,43.6,"High GDP",1991,"OECD Member state",5.4851104,5.92258,"Moderate post-mat",70712000,73.9,">=16.8 mil","Large (30m+)","Yes","Low","Parliamentary democ","Middle East",NA,"Muslim",22,67.003,67.76,">50%",73.99,4.4,9.1,1930,"1944 or before",28.25362,28.886919
"Turkmenistan","Soviet Union",NA,NA,63,"Approx 60%","No","single member",9,11.82033,"","Not member","Least free",0,0.39179999,"Medium",30,18,10,90.2,94.7,NA,30,62.8,42.5,10,79.2,33.4,0.1601,"Low","Middle",6641,"",40.8,40.8,"Low GDP",1978,"Not member",4.6252695,4.47981,"",4863500,5,"4.4-16.4 mil","Moderate (1-29m)","No","","Dictatorship","C&E Europe",NA,"Muslim",NA,45.37654,46.58,"",NA,NA,16.8,1927,"1944 or before",33.8089,30.92097
"Tuvalu","UK",NA,NA,58.3,"Approx 60%",NA,"single member",NA,NA,"","Not member","Most free",12,0.1629,"Low",NA,NA,NA,NA,NA,NA,NA,NA,NA,NA,NA,NA,NA,"","",NA,"",NA,NA,"",1962,"Not member",NA,NA,"",NA,NA,"","0","No","","","Asia-Pacific",NA,"Protestant",NA,NA,NA,"",63.15,NA,0,1967,"After 1944",NA,NA
"UAE","UK",NA,NA,10.5,"10%","No","",29,66.193853,"","Not member","2",3,0.62519997,"High",67.4,59,50,99.9,80.9,35,79.3,68.8,67.3,50,82.8,184,2.2051,"High","High",38830,"",NA,NA,"High GDP",1971,"Not member",1.0755768,3.118743,"",4041000,4.7,"4.4-16.4 mil","Moderate (1-29m)","No","","Dictatorship","Middle East",NA,"Muslim",NA,88.0226,76.74,"",NA,NA,22.5,NA,"",24.83653,21.651773
"Uganda","UK",70.747317,NA,40.8,"Approx 40%","No","single member",7,36.879433,"","Not member","3.5",5,0.93019998,"High",57,26,60,80.5,85.5,45,88.1,78.1,62.2,30,72.1,36.9,0.0236,"Low","Low",1165,"",43,45.7,"Low GDP",1991,"Not member",2.4275787,1.84592,"",25280000,31.7,">=16.8 mil","Moderate (1-29m)","No","","Dictatorship","Africa",NA,"Protestant",3.9000001,15.2884,12.74,">50%",NA,NA,30.7,1962,"After 1944",49.76619,50.496645
"Ukraine","Soviet Union",36.022627,NA,63,"Approx 60%","Yes","",9,29.078014,"6-11 parties","Not member","4.5",9,0.47369999,"Medium",38.7,25,30,77.9,41.1,20,57.7,61.2,46.4,30,82.6,336.4,0.0851,"Low","Middle",7271,"Low",29,28.1,"Low GDP",1971,"Not member",16.323758,15.1462,"Low post-mat",48355700,46.3,">=16.8 mil","Large (30m+)","No","Low","","C&E Europe",NA,"Orthodox",NA,68.15976,68.02,"<20%",62.73,5.3,8.2,1919,"1944 or before",15.9891,14.407305
"United Kingdom","UK",56.46776,1.46,100,"100%","Yes","single member",120,94.562647,"1-3 parties","EU Member state","Most free",12,0.1211,"Low",94.9,77,80,61.8,41.9,90,72.8,73.7,76.5,85,87.5,2200,2.6444,"High","High",35445,"High",36,36,"High GDP",1066,"OECD Member state",16.011866,16.04753,"High post-mat",59329000,61.4,">=16.8 mil","Large (30m+)","No","High","Parliamentary democ","W. Europe",NA,"Protestant",26.200001,89.686,89.78,"<20%",58.32,18.1,19.5,1918,"1944 or before",18.2252,17.698619
"United States","UK",61.785208,2.2,100,"100%","Yes","single member",191,86.76123,"1-3 parties","Not member","Most free",12,0.4901,"Medium",91.3,73,70,67.5,58,75,94.8,78.1,78,85,86.9,14200,3.6006,"High","High",46716,"High",40.8,40.8,"High GDP",1776,"OECD Member state",12.350362,12.40299,"Moderate post-mat",290800000,304.1,">=16.8 mil","Large (30m+)","No","High","Presidential democ","N. America",NA,"Protestant",12.7,77.916,81.1,">50%",37.32,15,16.8,1920,"1944 or before",20.98077,20.610109
"Uruguay","Other",43.417722,NA,87.5,"Approx 90%","Yes",">1 to 5 members",15,58.628841,"4-5 parties","Not member","Most free",12,0.25040001,"Low",63.1,69,30,81.7,72.6,75,76.2,72.3,69.8,75,82.8,42.5,0.3609,"High","Middle",12734,"Medium",44.6,44.9,"High GDP",1991,"Not member",13.2596,12.61925,"High post-mat",3380177,3.3,"<=4.3 mil","Moderate (1-29m)","Yes","Moderate","Presidential democ","S. America",NA,"Roman Catholic",11.6,92.5396,92.1,"20-50%",93.14,12.1,12.1,1932,"1944 or before",24.35528,24.109223
"Uzbekistan","Soviet Union",NA,NA,63,"Approx 60%","No","single member",9,20.567375,"","Not member","1.5",0,0.41249999,"Medium",67.8,18,10,88.4,72.6,10,61.1,62.4,47.5,20,65.1,72.5,0.0314,"Low","Low",2656,"",26.8,36.8,"Low GDP",1980,"Not member",4.7105717,4.85142,"",25590000,27.3,">=16.8 mil","Moderate (1-29m)","No","","Dictatorship","C&E Europe",NA,"Muslim",NA,36.737,36.74,"",NA,NA,17.5,1938,"1944 or before",33.2925,32.364689
"Vanuatu","France",NA,NA,58.3,"Approx 60%","Yes","single member",NA,31.442081,"4-5 parties","Not member","6",10,0.0413,"Low",68.7,29,40,94.9,84.3,20,55,76.8,56.4,40,55.1,0.9,0.1138,"Low","Middle",3978,"",NA,NA,"Low GDP",1811,"Not member",3.3680428,2.921145,"",210163.7,0.2,"<=4.3 mil","Small (under 1m)","No","","Parliamentary democ","Asia-Pacific",NA,"Protestant",NA,22.8788,23.92,"",82.78,3.8,3.8,1975,"After 1944",40.84793,39.48711
"Venezuela","Spain",21.375093,NA,87.5,"Approx 90%","Yes","",31,19.62175,"","Not member","4.5",6,0.4966,"Medium",50.3,19,20,74,61.8,5,36.2,47.7,37.1,NA,57.2,357.8,0.376,"High","Middle",12804,"Low",49.1,48.2,"High GDP",1945,"Not member",5.1749061,4.734549,"Moderate post-mat",25674000,27.9,">=16.8 mil","Moderate (1-29m)","No","Low","Presidential democ","S. America",NA,"Roman Catholic",14.9,87.6424,93.7,">50%",NA,9.7,18.6,1946,"After 1944",32.16703,30.78122
"Vietnam","France",99.862411,NA,58.3,"Approx 60%","No",">1 to 5 members",46,40.189125,"","Not member","1.5",2,0.2383,"Low",60.7,27,30,76.1,73.4,20,68.4,58.1,49.8,15,68.9,240.1,0.0436,"Low","Low",2785,"",36.1,34.4,"Low GDP",1962,"Not member",5.4374867,5.261546,"",81314240,86.2,">=16.8 mil","Large (30m+)","No","","Dictatorship","Asia-Pacific",NA,"eastern",NA,25.4076,26.88,"<20%",NA,NA,25.8,1946,"After 1944",30.62024,28.789529
"Western Samoa","Other",NA,NA,58.3,"Approx 60%","No","single member",NA,52.009456,"","Not member","6",10,0.1376,"Low",73.2,44,30,79.6,67.5,30,80.8,73.8,60.4,55,70,0.8,0.1484,"Low","Middle",4485,"",NA,NA,"Low GDP",1990,"Not member",4.5951931,4.978562,"",178000,0.2,"<=4.3 mil","Small (under 1m)","No","","Dictatorship","Asia-Pacific",NA,"Protestant",NA,22.8014,22.6,"",76.62,NA,NA,1990,"After 1944",35.46627,40.415663
"Yemen","UK",NA,NA,10.5,"10%","No","single member",7,26.004728,"","Not member","3",4,NA,"",74.4,23,30,83.2,51.3,45,65.4,65.1,54.4,30,76.1,55.3,0.0537,"Low","Low",2400,"Low",33.4,33.4,"Low GDP",1991,"Not member",2.284142,2.622207,"",19173160,23.1,">=16.8 mil","Moderate (1-29m)","No","","Dictatorship","Middle East",NA,"Muslim",NA,25.6836,27.72,"",NA,NA,0.3,1967,"After 1944",45.24762,45.999809
"Serbia & Montenegro","Soviet Union",31.648573,NA,63,"Approx 60%","No",">1 to 5 members",0,29.31442,"","Not member","5.5",9,0.57359999,"Medium",NA,NA,NA,NA,NA,NA,NA,NA,NA,NA,NA,NA,0.1922,"High","Middle",NA,"",NA,NA,"High GDP",1964,"Not member",14.114708,14.008,"Low post-mat",8104000,NA,"","Moderate (1-29m)","No","Low","Dictatorship","C&E Europe",NA,"Orthodox",NA,52.0384,52.44,"20-50%",NA,NA,NA,1946,"After 1944",19.5966,18.038255
"Zambia","UK",NA,NA,40.8,"Approx 40%","Yes","single member",4,24.586288,"1-3 parties","Not member","4",8,0.78079998,"High",66.4,28,50,72.4,82.6,50,57,63.3,58,30,79.9,17.1,0.0361,"Low","Low",1356,"",52.6,50.8,"Low GDP",1980,"Not member",3.0323605,2.693117,"",10402960,12.6,"4.4-16.4 mil","Moderate (1-29m)","No","","Presidential democ","Africa",NA,"other",12.5,40.3128,35.14,"",55.74,12.7,15.2,1962,"After 1944",46.82837,45.636215
"Zimbabwe","UK",60.019029,0.87,40.8,"Approx 40%","No","single member",13,27.659574,"","Not member","1.5",1,0.3874,"Medium",30,18,10,58.4,NA,NA,48.2,NA,21.4,5,44.8,2.2,0.0639,"Low","Low",188,"",56.8,50.1,"Low GDP",1980,"Not member",3.7112193,3.101562,"",13101750,11.7,"4.4-16.4 mil","Moderate (1-29m)","No","","Dictatorship","Africa",NA,"Protestant",13.9,37.4674,36.38,">50%",NA,NA,15.2,1957,"After 1944",43.43543,39.469897
